batch,policy,run,f1_ftr,f2_breach,f3_workload_sd,f4_expertise,f5_delay_log,hypervolume,first_time_right,sla_breach_rate,workload_sd,workload_jain,expertise_match,delay_hours,capacity_violation,groups_used,max_group_load,matched_fraction,matched_real_breach_rate,front_size,solve_seconds
0,Random,0,0.4817411122695267,0.42756217195632534,0.8137411503644991,0.3593457851836418,0.6143598488157348,,0.4817411122695267,0.42756217195632534,0.8137411503644991,0.24198427102238354,0.3593457851836418,3.9042951388888896,0.0,26,3.0,0.0,,,
0,RoundRobin,0,0.4806211211079085,0.4479482815898862,1.1725264764419854,0.31121084825335243,0.5531160086400583,,0.4806211211079085,0.4479482815898862,1.1725264764419854,0.13326669998334167,0.31121084825335243,1.7488402777777778,0.0,18,8.0,0.025,1.0,,
0,FIFO,0,0.41887786479122957,0.5251390826035436,2.4626151770772586,0.38429077744798856,1.3958194579543641,,0.41887786479122957,0.5251390826035436,2.4626151770772586,0.03368279230348196,0.38429077744798856,8.048961805555555,0.0,3,16.0,0.025,0.0,,
0,LeastLoaded,0,0.45042089909479416,0.4464741990526039,0.4983789284753746,0.36961022811028815,0.5043056514616628,,0.45042089909479416,0.4464741990526039,0.4983789284753746,0.45977011494252873,0.36961022811028815,1.202611111111111,0.0,40,1.0,0.05,0.5,,
0,GreedyBestOutcome,0,0.7151597486154735,0.2672709925675873,1.5595799441917924,0.7624237647284645,0.5297573189385425,,0.7151597486154735,0.2672709925675873,1.5595799441917924,0.079960019990005,0.7624237647284645,6.683833333333334,0.0,11,10.0,0.15,0.5,,
0,StandardNSGA2,0,0.6181436118675236,0.3286027051662467,1.182288815689544,0.6733707235537725,0.3470433604720521,0.05230676049827718,0.6181436118675236,0.3286027051662467,1.182288815689544,0.13136288998357964,0.6733707235537725,0.463638888888889,0.0,20,8.0,0.0,,60.0,0.8881774001056328
0,StandardNSGA2,1,0.6107055316094178,0.31437634343995297,1.1626821716231532,0.6714948737190183,0.3744179090942869,0.050462487876309366,0.6107055316094178,0.31437634343995297,1.1626821716231532,0.1352265043948614,0.6714948737190183,0.5366145833333333,0.0,23,9.0,0.025,1.0,60.0,0.8533761999569833
0,StandardNSGA2,2,0.6130202778300454,0.27678018846824964,1.122441895699651,0.6775672141933538,0.45590231766680817,0.05168684389230807,0.6130202778300454,0.27678018846824964,1.122441895699651,0.14367816091954022,0.6775672141933538,3.598291666666666,0.0,26,9.0,0.1,0.75,60.0,0.869683500030078
0,StandardNSGA2,3,0.6446401154062391,0.31743594937280245,1.3113527077656701,0.7965657444156905,0.46333304959758265,0.04961655977901957,0.6446401154062391,0.31743594937280245,1.3113527077656701,0.10946907498631636,0.7965657444156905,3.654347222222222,0.0,23,11.0,0.1,1.0,60.0,0.8983793000224978
0,StandardNSGA2,4,0.6738213182922242,0.288251083861465,1.1527538013223835,0.75156591826284,0.3324653023155328,0.05659324374207412,0.6738213182922242,0.288251083861465,1.1527538013223835,0.1372448104306056,0.75156591826284,0.4170451388888889,0.0,23,9.0,0.1,0.75,60.0,0.874177600024268
0,StandardNSGA2,5,0.6621219093521369,0.2676554081404702,1.2758102920010677,0.7085360120314885,0.3559367315075465,0.05581924741529043,0.6621219093521369,0.2676554081404702,1.2758102920010677,0.11494252873563218,0.7085360120314885,0.4645208333333334,0.0,21,10.0,0.05,1.0,60.0,0.8776982000563294
0,StandardNSGA2,6,0.5931939292463534,0.35068273723921195,0.8277458339029348,0.5989783845359945,0.4457702157181508,0.050062866226604955,0.5931939292463534,0.35068273723921195,0.8277458339029348,0.2357795461243737,0.5989783845359945,1.088965277777778,0.0,28,5.0,0.1,0.5,60.0,0.8959893999854103
0,StandardNSGA2,7,0.6355448953365663,0.33955930374909027,1.1822888156895441,0.6511900778250048,0.41489773258993995,0.04627939575884521,0.6355448953365663,0.33955930374909027,1.1822888156895441,0.13136288998357964,0.6511900778250048,1.0335138888888888,0.0,21,9.0,0.025,1.0,60.0,0.9039576000068337
0,StandardNSGA2,8,0.6224898586265978,0.31856119412892275,1.1427391744033626,0.7268530654379485,0.36477641629108326,0.05222363369655898,0.6224898586265978,0.31856119412892275,1.1427391744033626,0.13932427725531174,0.7268530654379485,0.4818645833333334,0.0,23,9.0,0.075,0.6666666666666666,60.0,0.8696414000587538
0,StandardNSGA2,9,0.6094757760272194,0.30125282719002,1.1527538013223835,0.7306612762901104,0.3388511413074126,0.05068260088995777,0.6094757760272194,0.30125282719002,1.1527538013223835,0.1372448104306056,0.7306612762901104,0.43499305555555556,0.0,22,9.0,0.125,0.4,60.0,0.903817699989304
0,NSGA3,0,0.6881095651441371,0.2821592602692653,1.2576624704910284,0.8150806664174229,0.32903102719326405,0.06351883549265794,0.6881095651441371,0.2821592602692653,1.2576624704910284,0.11788977306218686,0.8150806664174229,0.42234375,0.0,20,10.0,0.075,1.0,17.0,1.0078240999719128
0,NSGA3,1,0.6435759614065468,0.2788038782646994,0.9803189452974895,0.7691318635609148,0.36989063590439863,0.06280995649642912,0.6435759614065468,0.2788038782646994,0.9803189452974895,0.18030200585981518,0.7691318635609148,0.50503125,0.0,21,6.0,0.2,0.75,23.0,0.9936946000671014
0,NSGA3,2,0.6634088951323952,0.29791052749852936,0.8815425052328281,0.6763680925981597,0.2882845146150032,0.061751598066625835,0.6634088951323952,0.29791052749852936,0.8815425052328281,0.21384656508954825,0.6763680925981597,0.36007291666666663,0.0,26,5.0,0.125,0.6,20.0,1.004940400016494
0,NSGA3,3,0.6595344923824678,0.29759561396177475,0.9919746671444329,0.7618950979719775,0.31764282800443167,0.06414205200454687,0.6595344923824678,0.29759561396177475,0.9919746671444329,0.1768346595932803,0.7618950979719775,0.40507638888888886,0.0,22,6.0,0.2,0.625,24.0,1.0174456000095233
0,NSGA3,4,0.6785003204456199,0.2715929250721959,1.0700155515160485,0.7134098842001195,0.36971656509911865,0.06067497491936505,0.6785003204456199,0.2715929250721959,1.0700155515160485,0.15585427625170464,0.7134098842001195,0.46994791666666674,0.0,21,7.0,0.2,0.75,18.0,0.9874655999010429
0,NSGA3,5,0.6332221433859411,0.2609780033369176,1.059218945609956,0.625184578678509,0.2825974567567672,0.06085941569909757,0.6332221433859411,0.2609780033369176,1.059218945609956,0.15854141894569956,0.625184578678509,0.35015625000000006,0.0,23,7.0,0.075,0.3333333333333333,18.0,1.0086422000313178
0,NSGA3,6,0.6601223072971683,0.3025736513535156,0.9685229624340641,0.6758535862791151,0.3060031561127077,0.06266242353498053,0.6601223072971683,0.3025736513535156,0.9685229624340641,0.1839080459770115,0.6758535862791151,0.38592013888888893,0.0,24,6.0,0.125,0.8,17.0,1.0111102999653667
0,NSGA3,7,0.6440397202947551,0.28516940685470543,0.9919746671444329,0.7803699744317129,0.3445402732957398,0.06286851098360687,0.6440397202947551,0.28516940685470543,0.9919746671444329,0.1768346595932803,0.7803699744317129,0.4413090277777778,0.0,25,7.0,0.1,1.0,20.0,0.977148300036788
0,NSGA3,8,0.6844804988838746,0.2933577356058993,1.0483111508478486,0.7472596844085191,0.29683599039171754,0.06413918297412784,0.6844804988838746,0.2933577356058993,1.0483111508478486,0.1613228473482557,0.7472596844085191,0.36975,0.0,21,7.0,0.15,0.5,19.0,0.9985545000527054
0,NSGA3,9,0.6881500887954912,0.29290699430955347,1.0372886595566415,0.7922872558287578,0.40675670309674555,0.06349554039826089,0.6881500887954912,0.29290699430955347,1.0372886595566415,0.16420361247947454,0.7922872558287578,0.9924513888888888,0.0,21,6.0,0.2,0.5,22.0,0.9845235999673605
0,PAA-NSGA-II,0,0.661536001067917,0.27646576711175436,1.2937035644497943,0.8193082464902316,0.4371986215907042,0.05356461969052449,0.661536001067917,0.27646576711175436,1.2937035644497943,0.112139052425007,0.8193082464902316,1.0514270833333335,0.0,18,10.0,0.125,0.8,60.0,0.952449299977161
0,PAA-NSGA-II,1,0.6466759866126823,0.3148777725658529,1.191971203281233,0.8152779520729467,0.6220572676941108,0.05085890578018115,0.6466759866126823,0.3148777725658529,1.191971203281233,0.12951270843451515,0.8152779520729467,6.8722465277777784,0.0,22,9.0,0.1,0.75,60.0,0.9593037000158802
0,PAA-NSGA-II,2,0.5983679132541097,0.32764482595606975,1.059218945609956,0.6850646062611844,0.35956941614650795,0.05226352983421047,0.5983679132541097,0.32764482595606975,1.059218945609956,0.15854141894569956,0.6850646062611844,0.4673298611111111,0.0,25,7.0,0.1,0.75,60.0,0.9600852000294253
0,PAA-NSGA-II,3,0.6113811006114936,0.31352388790995883,1.1326360028574725,0.5881535757756001,0.30460175361313846,0.05109896656726443,0.6113811006114936,0.31352388790995883,1.1326360028574725,0.14146772767462423,0.5881535757756001,0.39100347222222226,0.0,22,8.0,0.05,0.5,60.0,0.975929000065662
0,PAA-NSGA-II,4,0.6394956041783035,0.28862854893187306,1.2847880786040071,0.6624484042616162,0.2960655340926472,0.05155832752404087,0.6394956041783035,0.28862854893187306,1.2847880786040071,0.11352348517099475,0.6624484042616162,0.37742708333333336,0.0,19,10.0,0.1,0.5,60.0,0.9641595999710262
0,PAA-NSGA-II,5,0.6978002889037185,0.2859094648684133,1.5071065198237947,0.8199838236550014,0.3315011801690796,0.05455929338242298,0.6978002889037185,0.2859094648684133,1.5071065198237947,0.08514261387824607,0.8199838236550014,0.4141979166666667,0.0,16,12.0,0.125,0.6,60.0,0.9477960999356583
0,PAA-NSGA-II,6,0.640649420371402,0.2950216825013867,1.3287674498039936,0.7308639634754096,0.3318773194986807,0.053275252599089926,0.640649420371402,0.2950216825013867,1.3287674498039936,0.10692328254477412,0.7308639634754096,0.4302708333333333,0.0,21,11.0,0.1,0.5,60.0,0.9691165999975055
0,PAA-NSGA-II,7,0.6194501240422559,0.32034673539209135,1.2576624704910284,0.8055770169773464,0.40974214348338556,0.05182935917036246,0.6194501240422559,0.32034673539209135,1.2576624704910284,0.11788977306218686,0.8055770169773464,0.5761041666666668,0.0,20,9.0,0.075,0.6666666666666666,60.0,0.9555606000358239
0,PAA-NSGA-II,8,0.6665073591028345,0.2669068156405065,1.4288054467365827,0.7434835889802849,0.4508810565940868,0.04921983410047332,0.6665073591028345,0.2669068156405065,1.4288054467365827,0.09383063570255688,0.7434835889802849,1.061684027777778,0.0,15,11.0,0.05,0.5,60.0,0.9582079999381676
0,PAA-NSGA-II,9,0.6313198838589013,0.30225632404489466,1.0148846002135226,0.6126656427139402,0.43296099864543114,0.05679735777800485,0.6313198838589013,0.30225632404489466,1.0148846002135226,0.17028522775649213,0.6126656427139402,3.5675798611111107,0.0,27,8.0,0.125,0.6,60.0,0.9671971999341622
0,PAA-noPriority,0,0.5714729088993605,0.31083160735992404,0.9072453912952236,0.4923641899566224,0.3361448010836698,0.0441622831079672,0.5714729088993605,0.31083160735992404,0.9072453912952236,0.20434227330779056,0.4923641899566224,0.47456944444444443,0.0,27,6.0,0.075,0.3333333333333333,60.0,0.9574736000504345
0,PAA-noPriority,1,0.6279675188372069,0.3020357607881043,1.2484896411001853,0.622090710206898,0.3357617361702831,0.05115402721926695,0.6279675188372069,0.3020357607881043,1.2484896411001853,0.11942080907598149,0.622090710206898,0.45084722222222223,0.0,21,9.0,0.025,1.0,60.0,0.9653170000528917
0,PAA-noPriority,2,0.6196257099222017,0.2941993541450503,1.1725264764419856,0.6174893471974702,0.3805219779941006,0.04632701049411073,0.6196257099222017,0.2941993541450503,1.1725264764419856,0.13326669998334167,0.6174893471974702,0.49719444444444444,0.0,23,9.0,0.075,0.6666666666666666,60.0,0.9717863000696525
0,PAA-noPriority,3,0.5998443041711932,0.3550687201106567,0.9322398894708788,0.7505246838487288,0.5286937007739604,0.04717786454462491,0.5998443041711932,0.3550687201106567,0.9322398894708788,0.19564685742235266,0.7505246838487288,3.7708784722222233,0.0,28,7.0,0.025,1.0,60.0,0.959918599925004
0,PAA-noPriority,4,0.667868769830002,0.3094138588188612,1.2484896411001858,0.6797378589271001,0.5448680238954202,0.04202352629590704,0.667868769830002,0.3094138588188612,1.2484896411001858,0.11942080907598149,0.6797378589271001,3.732642361111111,0.0,21,10.0,0.05,1.0,60.0,0.9637048000004143
0,PAA-noPriority,5,0.6403965389251371,0.33006708028602805,1.3373897866387852,0.7583917548382505,0.4116711783487757,0.04244370701545966,0.6403965389251371,0.33006708028602805,1.3373897866387852,0.10569427929713304,0.7583917548382505,0.5499618055555555,0.0,21,11.0,0.05,1.0,60.0,0.9679120000218973
0,PAA-noPriority,6,0.6331778244425423,0.3128336584891289,1.1121543523606332,0.6840050955651754,0.46621774139018796,0.049342774073742955,0.6331778244425423,0.3128336584891289,1.1121543523606332,0.14595876664842183,0.6840050955651754,3.610940972222223,0.0,26,9.0,0.1,0.75,60.0,0.9590099999913946
0,PAA-noPriority,7,0.6582705943107525,0.2978412302200835,1.3113527077656701,0.6590525612645122,0.4490494130735345,0.046661338781311394,0.6582705943107525,0.2978412302200835,1.3113527077656701,0.10946907498631636,0.6590525612645122,3.5811145833333335,0.0,24,11.0,0.075,0.3333333333333333,60.0,0.9620122000342235
0,PAA-noPriority,8,0.6278027171507314,0.3006978165065571,1.1626821716231532,0.5839046466444395,0.3315062612860089,0.04958773680532218,0.6278027171507314,0.3006978165065571,1.1626821716231532,0.1352265043948614,0.5839046466444395,0.4138298611111111,0.0,19,8.0,0.075,0.6666666666666666,60.0,0.9607680999906734
0,PAA-noPriority,9,0.627510302349756,0.2607863708176149,1.3025580288099372,0.6946090808557781,0.37457630570150907,0.05131621533872202,0.627510302349756,0.2607863708176149,1.3025580288099372,0.1107879795042238,0.6946090808557781,0.4997048611111111,0.0,20,10.0,0.1,0.25,60.0,0.963861700030975
0,PAA-noAdaptive,0,0.6576411243257574,0.31654082470929373,1.2576624704910284,0.8322934194532996,0.43585107799547956,0.05830568074749613,0.6576411243257574,0.31654082470929373,1.2576624704910284,0.11788977306218686,0.8322934194532996,0.5956145833333334,0.0,20,9.0,0.075,0.6666666666666666,60.0,0.9087372999638319
0,PAA-noAdaptive,1,0.6483002982807633,0.28384540794495183,1.2484896411001856,0.6882787490539481,0.42637666995352663,0.054650903858836766,0.6483002982807633,0.28384540794495183,1.2484896411001856,0.11942080907598149,0.6882787490539481,0.5880798611111111,0.0,18,9.0,0.0,,60.0,0.9546116000274196
0,PAA-noAdaptive,2,0.6571958989474147,0.3022771187936176,1.2205576048237508,0.7438228439917169,0.5070218114894922,0.05557584858090117,0.6571958989474147,0.3022771187936176,1.2205576048237508,0.12426219322771047,0.7438228439917169,1.1610347222222224,0.0,19,9.0,0.1,0.75,60.0,0.9181017000228167
0,PAA-noAdaptive,3,0.6553905020658302,0.2927703384958706,1.3200887962222396,0.7475665652610302,0.3480135309783142,0.057167796685559547,0.6553905020658302,0.2927703384958706,1.3200887962222396,0.10818120351588911,0.7475665652610302,0.4538090277777778,0.0,23,11.0,0.075,0.3333333333333333,60.0,0.9281143000116572
0,PAA-noAdaptive,4,0.6644908402005434,0.2695415714915065,1.3796934333906816,0.7962595676639423,0.33802456909648654,0.05619881846651536,0.6644908402005434,0.2695415714915065,1.3796934333906816,0.09995002498750624,0.7962595676639423,0.4353159722222223,0.0,16,10.0,0.2,0.5,60.0,0.9003208000212908
0,PAA-noAdaptive,5,0.6590046002763135,0.32345351265215144,1.2758102920010677,0.7792761854458331,0.3750995010654346,0.05447919039669703,0.6590046002763135,0.32345351265215144,1.2758102920010677,0.11494252873563218,0.7792761854458331,0.49063541666666677,0.0,21,10.0,0.1,0.5,60.0,0.9045866000233218
0,PAA-noAdaptive,6,0.6133880808791992,0.31892786587269906,1.2758102920010679,0.7305421278577547,0.3058661752033923,0.05017273078559893,0.6133880808791992,0.31892786587269906,1.2758102920010679,0.11494252873563218,0.7305421278577547,0.3860659722222223,0.0,17,9.0,0.05,1.0,60.0,0.9077989000361413
0,PAA-noAdaptive,7,0.6439719711422371,0.2906565929280109,1.1326360028574722,0.6796183305157866,0.5102258770136852,0.05185982873793009,0.6439719711422371,0.2906565929280109,1.1326360028574722,0.14146772767462423,0.6796183305157866,3.7158055555555562,0.0,21,8.0,0.1,0.75,60.0,0.9078798999544233
0,PAA-noAdaptive,8,0.6712660640806591,0.2794013272101069,1.387999450968369,0.8056221495749776,0.35286797919483287,0.05681967912676025,0.6712660640806591,0.2794013272101069,1.387999450968369,0.09887529353602768,0.8056221495749776,0.4666180555555555,0.0,18,11.0,0.125,0.8,60.0,0.9511614000657573
0,PAA-noAdaptive,9,0.6310703610032062,0.27974760200953036,1.201575571988228,0.6071496336666533,0.37708623931610263,0.05315119071208013,0.6310703610032062,0.27974760200953036,1.201575571988228,0.1277139208173691,0.6071496336666533,0.49751736111111117,0.0,22,9.0,0.05,0.5,60.0,0.9044446999905631
0,PAA-noSLAMut,0,0.6325411580729302,0.28688083419563537,1.2205576048237503,0.6056289499171834,0.29372430094153873,0.052292290688381864,0.6325411580729302,0.28688083419563537,1.2205576048237503,0.12426219322771047,0.6056289499171834,0.36811458333333336,0.0,22,9.0,0.075,0.3333333333333333,60.0,0.985233600018546
0,PAA-noSLAMut,1,0.6640594515394918,0.29386194225988105,1.2205576048237508,0.7007145256230827,0.3798863407033065,0.05266703574599292,0.6640594515394918,0.29386194225988105,1.2205576048237508,0.12426219322771047,0.7007145256230827,0.49846875000000007,0.0,24,10.0,0.075,0.3333333333333333,60.0,0.9636982000665739
0,PAA-noSLAMut,2,0.6833143131544893,0.293849044724495,1.3287674498039934,0.7951390912932754,0.46286483785106836,0.052184473385028594,0.6833143131544893,0.293849044724495,1.3287674498039934,0.10692328254477412,0.7951390912932754,3.6032500000000005,0.0,19,10.0,0.125,0.6,60.0,1.0237266999902204
0,PAA-noSLAMut,3,0.6490687353074849,0.28118070107820553,1.2667688800364192,0.6890311034787692,0.3588334592800868,0.05256098976512637,0.6490687353074849,0.28118070107820553,1.2667688800364192,0.11639749745380475,0.6890311034787692,0.47045833333333337,0.0,20,10.0,0.125,0.6,60.0,0.967987300013192
0,PAA-noSLAMut,4,0.6567173852310905,0.26369022011677157,1.2847880786040071,0.6434714080617511,0.3053432656228064,0.05452234097721634,0.6567173852310905,0.26369022011677157,1.2847880786040071,0.11352348517099475,0.6434714080617511,0.3908229166666667,0.0,19,10.0,0.175,0.42857142857142855,60.0,0.9700791999930516
0,PAA-noSLAMut,5,0.62746266446633,0.30300488150779475,1.211103777942239,0.8094885275532407,0.5383206132190669,0.05092980792081227,0.62746266446633,0.30300488150779475,1.211103777942239,0.1259644150527476,0.8094885275532407,4.193368055555555,0.0,20,9.0,0.1,0.5,60.0,0.9867329999106005
0,PAA-noSLAMut,6,0.6306811097017242,0.3194599449799712,0.9803189452974895,0.6561288337045299,0.4764096023583425,0.05571765528961208,0.6306811097017242,0.3194599449799712,0.9803189452974895,0.18030200585981518,0.6561288337045299,3.6403888888888885,0.0,25,7.0,0.15,0.5,60.0,1.0040044999914244
0,PAA-noSLAMut,7,0.6516130215149554,0.2911087842715633,1.1427391744033626,0.5795263600108338,0.34002507441147056,0.05521695097754542,0.6516130215149554,0.2911087842715633,1.1427391744033626,0.13932427725531174,0.5795263600108338,0.4364930555555556,0.0,23,9.0,0.025,1.0,60.0,0.9808540999656543
0,PAA-noSLAMut,8,0.637358361620547,0.3006501349176724,1.2758102920010679,0.7698560742558542,0.33099945223701804,0.055272396630811516,0.637358361620547,0.3006501349176724,1.2758102920010679,0.11494252873563218,0.7698560742558542,0.42395486111111114,0.0,21,10.0,0.125,0.6,60.0,1.0262419000500813
0,PAA-noSLAMut,9,0.5899291584777805,0.3190223002463518,0.9072453912952236,0.6234644141453393,0.4207470279893702,0.05493760121069751,0.5899291584777805,0.3190223002463518,0.9072453912952236,0.20434227330779056,0.6234644141453393,0.6456006944444445,0.0,26,6.0,0.1,0.75,60.0,0.97181689995341
0,PAA-AdaptMut,0,0.6364793988009909,0.34378840842099406,1.112154352360633,0.7475237937873006,0.3971812592715262,0.05674759484822785,0.6364793988009909,0.34378840842099406,1.112154352360633,0.14595876664842183,0.7475237937873006,0.5444895833333334,0.0,22,8.0,0.125,0.6,60.0,0.9164515999145806
0,PAA-AdaptMut,1,0.6534485144964102,0.31489494360041503,1.3287674498039934,0.7809030854909593,0.4205500523603999,0.051306392031033536,0.6534485144964102,0.31489494360041503,1.3287674498039934,0.10692328254477412,0.7809030854909593,0.6073958333333334,0.0,20,10.0,0.125,0.4,60.0,0.9158564999233931
0,PAA-AdaptMut,2,0.6354577212223614,0.3223997494071252,1.1527538013223833,0.8101486765554344,0.5863199262586857,0.054889377315782924,0.6354577212223614,0.3223997494071252,1.1527538013223833,0.1372448104306056,0.8101486765554344,4.291607638888889,0.0,21,8.0,0.125,0.6,60.0,0.920536300051026
0,PAA-AdaptMut,3,0.6092531613547381,0.3418292183936889,1.2576624704910284,0.7881985895961735,0.35180111952374316,0.05214334546601448,0.6092531613547381,0.3418292183936889,1.2576624704910284,0.11788977306218686,0.7881985895961735,0.45845833333333336,0.0,21,10.0,0.075,0.6666666666666666,60.0,0.9169768000720069
0,PAA-AdaptMut,4,0.6274146229671128,0.3108952321262069,1.2392489169603274,0.7384302703256347,0.43983244135157545,0.05396110026303985,0.6274146229671128,0.3108952321262069,1.2392489169603274,0.12099213551119177,0.7384302703256347,1.09125,0.0,22,10.0,0.075,0.6666666666666666,60.0,0.8994806999107823
0,PAA-AdaptMut,5,0.6376941653422067,0.3061630097337735,1.1725264764419856,0.7460781501026306,0.42415520265526585,0.054223630781147406,0.6376941653422067,0.3061630097337735,1.1725264764419856,0.13326669998334167,0.7460781501026306,3.5516770833333338,0.0,22,9.0,0.175,0.5714285714285714,60.0,0.9236547999316826
0,PAA-AdaptMut,6,0.6522139382278466,0.30350948714130843,1.3200887962222396,0.7218080458449581,0.35614806853581477,0.050906182013857104,0.6522139382278466,0.30350948714130843,1.3200887962222396,0.10818120351588911,0.7218080458449581,0.4743611111111111,0.0,18,10.0,0.05,0.5,60.0,0.9419408000539988
0,PAA-AdaptMut,7,0.5992292973120922,0.3493219000874948,1.122441895699651,0.6547503484112982,0.33059167924652944,0.04907641061258003,0.5992292973120922,0.3493219000874948,1.122441895699651,0.14367816091954022,0.6547503484112982,0.42699305555555556,0.0,20,8.0,0.025,1.0,60.0,0.9201170000014827
0,PAA-AdaptMut,8,0.6534176880184489,0.30741551850992294,1.3373897866387852,0.702694770284846,0.33819599040809534,0.05173056465291784,0.6534176880184489,0.30741551850992294,1.3373897866387852,0.10569427929713304,0.702694770284846,0.4294166666666667,0.0,20,11.0,0.075,0.6666666666666666,60.0,0.9268657000502571
0,PAA-AdaptMut,9,0.6382844851380625,0.2762703436945942,1.3200887962222396,0.6990372858323556,0.39032270487013765,0.05330609580172403,0.6382844851380625,0.2762703436945942,1.3200887962222396,0.10818120351588911,0.6990372858323556,0.5301562500000001,0.0,23,11.0,0.1,0.25,60.0,0.9135328000411391
0,NSGA3-PrioInit,0,0.6838277839251294,0.32301785050558157,1.1725264764419854,0.7550369612906863,0.28178764148271895,0.0617921438244244,0.6838277839251294,0.32301785050558157,1.1725264764419854,0.13326669998334167,0.7550369612906863,0.34562847222222226,0.0,18,8.0,0.15,0.5,16.0,1.0241846001008525
0,NSGA3-PrioInit,1,0.6235811915819867,0.26224785983096655,1.1919712032812333,0.7349777405078382,0.2901880009659289,0.06462381407553194,0.6235811915819867,0.26224785983096655,1.1919712032812333,0.12951270843451515,0.7349777405078382,0.36225694444444445,0.0,21,9.0,0.125,0.6,22.0,1.0287806000560522
0,NSGA3-PrioInit,2,0.687293550097962,0.3008803249696742,1.112154352360633,0.7661586673642586,0.3375036304694621,0.06447211963038935,0.687293550097962,0.3008803249696742,1.112154352360633,0.14595876664842183,0.7661586673642586,0.43225347222222227,0.0,20,8.0,0.175,0.7142857142857143,18.0,1.0468596999999136
0,NSGA3-PrioInit,3,0.6646778244357465,0.26415484452639104,1.3629295501408407,0.8549934512891406,0.3214339666772462,0.0628984843339275,0.6646778244357465,0.26415484452639104,1.3629295501408407,0.10217113665389528,0.8549934512891406,0.40980902777777783,0.0,17,11.0,0.2,0.5,15.0,1.0367217999882996
0,NSGA3-PrioInit,4,0.6775969087840218,0.29447070465619796,0.9322398894708789,0.6829180972683254,0.35308711113055874,0.0651452318153601,0.6775969087840218,0.29447070465619796,0.9322398894708789,0.19564685742235266,0.6829180972683254,0.45273263888888887,0.0,23,5.0,0.175,0.2857142857142857,22.0,1.054764200001955
0,NSGA3-PrioInit,5,0.6874108069694679,0.3034255329874999,1.3544698050897952,0.8904630447368396,0.30633440631501446,0.06408419130792714,0.6874108069694679,0.3034255329874999,1.3544698050897952,0.10331912695337725,0.8904630447368396,0.37951041666666674,0.0,16,10.0,0.2,0.375,20.0,0.9890976999886334
0,NSGA3-PrioInit,6,0.6941190815596185,0.29992357040179973,1.1427391744033626,0.754451096845069,0.3118662218901669,0.06284814983814564,0.6941190815596185,0.29992357040179973,1.1427391744033626,0.13932427725531174,0.754451096845069,0.39255555555555555,0.0,20,8.0,0.125,0.8,18.0,1.0157868000678718
0,NSGA3-PrioInit,7,0.673250321964933,0.2775117746435985,1.3025580288099372,0.8517984936068407,0.2954466421516858,0.0646021843295651,0.673250321964933,0.2775117746435985,1.3025580288099372,0.1107879795042238,0.8517984936068407,0.371625,0.0,17,10.0,0.15,0.5,17.0,1.008095399942249
0,NSGA3-PrioInit,8,0.6597726148210424,0.28045976575979087,1.2299387677605003,0.8584472464843769,0.45296437682007634,0.06148641871674186,0.6597726148210424,0.28045976575979087,1.2299387677605003,0.12260536398467432,0.8584472464843769,3.593368055555556,0.0,19,9.0,0.15,0.5,15.0,0.994053200003691
0,NSGA3-PrioInit,9,0.6879383210370331,0.2894418568287519,1.2111037779422387,0.7584461354615322,0.29411727196492043,0.06319908740965136,0.6879383210370331,0.2894418568287519,1.2111037779422387,0.1259644150527476,0.7584461354615322,0.3690208333333333,0.0,19,9.0,0.15,0.6666666666666666,17.0,1.045846699969843
1,Random,0,0.5074676246723963,0.4533606757776406,0.8137411503644992,0.3462539046013948,0.47255130469362217,,0.5074676246723963,0.4533606757776406,0.8137411503644992,0.24198427102238354,0.3462539046013948,0.6831493055555556,0.0,25,3.0,0.025,1.0,,
1,RoundRobin,0,0.4436943950557769,0.4597676208908947,1.2484896411001856,0.41314740615228673,0.3843671948020575,,0.4436943950557769,0.4597676208908947,1.2484896411001856,0.11942080907598149,0.41314740615228673,1.0065868055555556,0.0,17,9.0,0.025,1.0,,
1,FIFO,0,0.4500354907195332,0.5627634189801436,2.4626151770772586,0.33141402726724134,1.3958194579543641,,0.4500354907195332,0.5627634189801436,2.4626151770772586,0.03368279230348196,0.33141402726724134,8.048961805555557,0.0,3,16.0,0.075,0.6666666666666666,,
1,LeastLoaded,0,0.45571258745836013,0.47872476388716356,0.4983789284753746,0.4017028619754221,0.5137237206722896,,0.45571258745836013,0.47872476388716356,0.4983789284753746,0.45977011494252873,0.4017028619754221,1.214184027777778,0.0,40,1.0,0.05,0.5,,
1,GreedyBestOutcome,0,0.7093770045542007,0.36831520855340727,1.4448051827559236,0.6254104003927188,0.39488180679658114,,0.7093770045542007,0.36831520855340727,1.4448051827559236,0.09195402298850575,0.6254104003927188,0.524576388888889,0.0,12,8.0,0.05,0.5,,
1,StandardNSGA2,0,0.6313465831129015,0.36163763465018184,1.122441895699651,0.7389006794176702,0.31574566652569025,0.05919742778598387,0.6313465831129015,0.36163763465018184,1.122441895699651,0.14367816091954022,0.7389006794176702,0.4025034722222222,0.0,22,8.0,0.075,0.3333333333333333,60.0,0.8788783999625593
1,StandardNSGA2,1,0.6466446415599971,0.4111457585564532,0.7994911844726069,0.7267886988561478,0.38099950641493807,0.05293960239335324,0.6466446415599971,0.4111457585564532,0.7994911844726069,0.24852438645542094,0.7267886988561478,0.5015277777777778,0.0,27,4.0,0.175,0.42857142857142855,60.0,0.877457799972035
1,StandardNSGA2,2,0.6189371133150138,0.38820320805440706,0.8415174812746266,0.6997717907760153,0.44666244035924424,0.051491138289673125,0.6189371133150138,0.38820320805440706,0.8415174812746266,0.22988505747126436,0.6997717907760153,1.06259375,0.0,27,5.0,0.1,0.5,60.0,0.9120838000671938
1,StandardNSGA2,3,0.6534571105699876,0.34636501907143247,0.8684058283919128,0.6216410569275702,0.34450802535667907,0.05711156629010228,0.6534571105699876,0.34636501907143247,0.8684058283919128,0.21893814997263272,0.6216410569275702,0.4461458333333333,0.0,26,4.0,0.025,0.0,60.0,0.9260258000576869
1,StandardNSGA2,4,0.5950191039772342,0.36149219999981075,0.7397513981473143,0.6165409407448635,0.4525655273572144,0.053563982814693725,0.5950191039772342,0.36149219999981075,0.7397513981473143,0.2786485545106235,0.6165409407448635,1.0608506944444447,0.0,28,3.0,0.125,0.4,60.0,0.8907721999567002
1,StandardNSGA2,5,0.6317759325023719,0.35574506077341583,1.1017707555238399,0.7179426594527896,0.33370212090291423,0.05410272812097243,0.6317759325023719,0.35574506077341583,1.1017707555238399,0.14831294030404152,0.7179426594527896,0.42343402777777783,0.0,22,8.0,0.1,1.0,60.0,0.868963599903509
1,StandardNSGA2,6,0.5987609575450495,0.3798428303523478,0.9322398894708788,0.753380153971953,0.36696526202979135,0.05409494755747567,0.5987609575450495,0.3798428303523478,0.9322398894708788,0.19564685742235266,0.753380153971953,0.48425,0.0,26,6.0,0.2,0.625,60.0,0.8645924999145791
1,StandardNSGA2,7,0.6419710733412743,0.3546144901351179,1.122441895699651,0.7301114107917906,0.3295156187176067,0.05773085225128996,0.6419710733412743,0.3546144901351179,1.122441895699651,0.14367816091954022,0.7301114107917906,0.42613888888888896,0.0,22,8.0,0.075,0.0,60.0,0.9140099999494851
1,StandardNSGA2,8,0.6566739673522497,0.37244897713632474,1.0700155515160488,0.7547711083072278,0.3501249911159584,0.05794527463143426,0.6566739673522497,0.37244897713632474,1.0700155515160488,0.15585427625170464,0.7547711083072278,0.44648958333333344,0.0,25,8.0,0.175,0.42857142857142855,60.0,0.8746985000325367
1,StandardNSGA2,9,0.626166970630415,0.3767173920753581,0.9565815297270429,0.81614407131357,0.3959051462027525,0.06313739434630808,0.626166970630415,0.3767173920753581,0.9565815297270429,0.18766127140511377,0.81614407131357,0.5578645833333333,0.0,23,6.0,0.1,0.5,60.0,0.8830255001084879
1,NSGA3,0,0.6392285038750259,0.32869078459314893,0.8684058283919128,0.7883710993281051,0.3783822779790311,0.06681721882322801,0.6392285038750259,0.32869078459314893,0.8684058283919128,0.21893814997263272,0.7883710993281051,0.5264479166666667,0.0,25,4.0,0.2,0.625,16.0,0.9910115000093356
1,NSGA3,1,0.674818108542007,0.310569061362979,0.8550673523401053,0.7136831390872791,0.32266960220783086,0.06518052501042348,0.674818108542007,0.310569061362979,0.8550673523401053,0.224278104850014,0.7136831390872791,0.4057083333333334,0.0,25,4.0,0.2,0.75,16.0,0.9996966000180691
1,NSGA3,2,0.6577981987937727,0.3154917454983927,1.003495015435271,0.8025105788853277,0.3043524681481485,0.06725482957417613,0.6577981987937727,0.3154917454983927,1.003495015435271,0.1734981565820863,0.8025105788853277,0.38994097222222224,0.0,22,6.0,0.15,0.5,13.0,0.9859957000007853
1,NSGA3,3,0.6857264959161843,0.30359876178582235,0.9919746671444329,0.7432442481496506,0.3135473235518126,0.0703332090082262,0.6857264959161843,0.30359876178582235,0.9919746671444329,0.1768346595932803,0.7432442481496506,0.3960590277777778,0.0,21,5.0,0.15,0.6666666666666666,15.0,0.980245599988848
1,NSGA3,4,0.6656519903062526,0.3112181297334408,0.9919746671444329,0.7449700589428124,0.2828998268201634,0.067032910967235,0.6656519903062526,0.3112181297334408,0.9919746671444329,0.1768346595932803,0.7449700589428124,0.3411180555555555,0.0,22,6.0,0.125,0.6,20.0,0.9865592001006007
1,NSGA3,5,0.6443627773608037,0.3132693370627213,1.0483111508478486,0.8119364238741487,0.3019108705204704,0.0652301573057151,0.6443627773608037,0.3132693370627213,1.0483111508478486,0.1613228473482557,0.8119364238741487,0.39415625000000004,0.0,20,5.0,0.15,0.5,14.0,1.0030985999619588
1,NSGA3,6,0.6501168788149492,0.33967376902724145,0.9198275413214969,0.8369560095474249,0.31086333831021296,0.06769153564944902,0.6501168788149492,0.33967376902724145,0.9198275413214969,0.19990004997501248,0.8369560095474249,0.38911111111111113,0.0,24,5.0,0.15,0.5,15.0,0.9810408999910578
1,NSGA3,7,0.6344921011323422,0.29999091100007613,0.9198275413214969,0.6795306398051835,0.2670588208923151,0.06721679485031289,0.6344921011323422,0.29999091100007613,0.9198275413214969,0.19990004997501248,0.6795306398051835,0.3307361111111111,0.0,24,5.0,0.225,0.6666666666666666,18.0,0.9957504000049084
1,NSGA3,8,0.6564920845878776,0.303174610676085,1.0148846002135226,0.8039045488524816,0.3456866670256193,0.06687957055407866,0.6564920845878776,0.303174610676085,1.0148846002135226,0.17028522775649213,0.8039045488524816,0.4550868055555556,0.0,21,6.0,0.225,0.6666666666666666,16.0,0.9852869999594986
1,NSGA3,9,0.6692404282777881,0.3569002291495948,0.8415174812746266,0.7973190782285379,0.3357320810088564,0.06985991768862965,0.6692404282777881,0.3569002291495948,0.8415174812746266,0.22988505747126436,0.7973190782285379,0.4320277777777778,0.0,25,4.0,0.175,0.5714285714285714,18.0,0.9844577999319881
1,PAA-NSGA-II,0,0.6721120661798855,0.3768364867550084,1.387999450968369,0.8902469047964349,0.3140299214797301,0.05926662424753268,0.6721120661798855,0.3768364867550084,1.387999450968369,0.09887529353602768,0.8902469047964349,0.38779861111111114,0.0,16,10.0,0.15,0.6666666666666666,60.0,0.946746899979189
1,PAA-NSGA-II,1,0.6372702399598309,0.36815495262589554,1.3200887962222398,0.881810312561026,0.27589051140286136,0.06268994800791707,0.6372702399598309,0.36815495262589554,1.3200887962222398,0.10818120351588911,0.881810312561026,0.3336076388888889,0.0,18,10.0,0.075,0.3333333333333333,60.0,0.9415600000647828
1,PAA-NSGA-II,2,0.6644676169398156,0.3650409174380996,1.3113527077656701,0.8264034368026631,0.28765865012007386,0.057354536423856274,0.6644676169398156,0.3650409174380996,1.3113527077656701,0.10946907498631636,0.8264034368026631,0.351625,0.0,18,9.0,0.075,0.3333333333333333,60.0,0.9701223999727517
1,PAA-NSGA-II,3,0.6354620138637311,0.4040356931786603,1.1822888156895441,0.8423710858679259,0.30689092910103194,0.060439270269690024,0.6354620138637311,0.4040356931786603,1.1822888156895441,0.13136288998357964,0.8423710858679259,0.38254166666666667,0.0,19,8.0,0.1,0.5,60.0,0.9549986999481916
1,PAA-NSGA-II,4,0.6432874235037754,0.3610088092390395,1.0700155515160488,0.7713362403451839,0.41647665477353185,0.059008818769383055,0.6432874235037754,0.3610088092390395,1.0700155515160488,0.15585427625170464,0.7713362403451839,1.0081562500000003,0.0,23,7.0,0.075,0.3333333333333333,60.0,0.9433500000741333
1,PAA-NSGA-II,5,0.6272896755469167,0.3171229405535606,1.1725264764419856,0.6183622105827327,0.3037354168252887,0.06110692551154022,0.6272896755469167,0.3171229405535606,1.1725264764419856,0.13326669998334167,0.6183622105827327,0.38532638888888887,0.0,20,8.0,0.075,1.0,60.0,0.9515507000032812
1,PAA-NSGA-II,6,0.6160106901985041,0.35327611636134415,1.201575571988228,0.762782498265208,0.38403967382394766,0.05650656087344023,0.6160106901985041,0.35327611636134415,1.201575571988228,0.1277139208173691,0.762782498265208,0.5453715277777779,0.0,20,9.0,0.175,0.7142857142857143,60.0,0.9446221999824047
1,PAA-NSGA-II,7,0.6287461234438276,0.3690597689131945,1.3629295501408405,0.8349920185189582,0.3180310085140937,0.05679655268351099,0.6287461234438276,0.3690597689131945,1.3629295501408405,0.10217113665389528,0.8349920185189582,0.393,0.0,19,10.0,0.1,0.5,60.0,0.9677556999959052
1,PAA-NSGA-II,8,0.6444493487009284,0.3789633467669254,1.3200887962222396,0.9007744088869843,0.3112357721980018,0.059622572406412735,0.6444493487009284,0.3789633467669254,1.3200887962222396,0.10818120351588911,0.9007744088869843,0.41901736111111115,0.0,18,9.0,0.1,0.5,60.0,0.9701958999503404
1,PAA-NSGA-II,9,0.6610337442077574,0.33565236926097836,1.293703564449794,0.7143541648661698,0.34823058573797183,0.06108023272655052,0.6610337442077574,0.33565236926097836,1.293703564449794,0.112139052425007,0.7143541648661698,0.44771875000000005,0.0,21,10.0,0.125,0.6,60.0,0.9627194000640884
1,PAA-noPriority,0,0.6013556513934721,0.36440671699032373,1.0148846002135223,0.663154094414368,0.3575978445377585,0.04376851218958237,0.6013556513934721,0.36440671699032373,1.0148846002135223,0.17028522775649213,0.663154094414368,0.4637083333333333,0.0,24,6.0,0.125,0.8,60.0,0.9441886000568047
1,PAA-noPriority,1,0.6414438698356248,0.3224058595522826,1.0372886595566415,0.5642804309611023,0.3827381662384192,0.054677085666904865,0.6414438698356248,0.3224058595522826,1.0372886595566415,0.16420361247947454,0.5642804309611023,0.9537881944444446,0.0,24,7.0,0.025,0.0,60.0,0.9554761999752373
1,PAA-noPriority,2,0.6422547761082154,0.3483769902579554,0.8415174812746266,0.5606838505740278,0.36378729644490476,0.04323799433343032,0.6422547761082154,0.3483769902579554,0.8415174812746266,0.22988505747126436,0.5606838505740278,0.4828159722222223,0.0,24,3.0,0.05,1.0,60.0,0.9483754000393674
1,PAA-noPriority,3,0.5853953261593176,0.39252457965827187,0.8277458339029348,0.5477637942662434,0.3448196700231804,0.04221246769182819,0.5853953261593176,0.39252457965827187,0.8277458339029348,0.2357795461243737,0.5477637942662434,0.45711111111111113,0.0,26,4.0,0.05,0.5,60.0,0.9502145000733435
1,PAA-noPriority,4,0.6280839219309011,0.41560570043323564,0.9444891303068569,0.6446053654660645,0.3657824268786499,0.04582684210180822,0.6280839219309011,0.41560570043323564,0.9444891303068569,0.19157088122605365,0.6446053654660645,0.4913159722222223,0.0,23,5.0,0.125,0.4,60.0,0.9306773999705911
1,PAA-noPriority,5,0.6237773459816953,0.3103723527896222,0.9919746671444329,0.5338653011855873,0.35492990515603695,0.05399181933259937,0.6237773459816953,0.3103723527896222,0.9919746671444329,0.1768346595932803,0.5338653011855873,0.462638888888889,0.0,21,6.0,0.1,0.75,60.0,0.945199100067839
1,PAA-noPriority,6,0.6003446640554817,0.33701841515116293,0.9322398894708789,0.4713819568257217,0.30586797268143895,0.03825822006911432,0.6003446640554817,0.33701841515116293,0.9322398894708789,0.19564685742235266,0.4713819568257217,0.3892083333333334,0.0,22,4.0,0.1,0.75,60.0,0.9578304999740794
1,PAA-noPriority,7,0.6468473791325174,0.32421993261626286,0.9444891303068569,0.5292875739228837,0.3254672239798561,0.04770031259627795,0.6468473791325174,0.32421993261626286,0.9444891303068569,0.19157088122605365,0.5292875739228837,0.4110243055555555,0.0,23,5.0,0.175,0.2857142857142857,60.0,0.946017799898982
1,PAA-noPriority,8,0.5921832211841573,0.36462518066617217,0.9685229624340641,0.5700987695583166,0.32723797568370633,0.03728245425263112,0.5921832211841573,0.36462518066617217,0.9685229624340641,0.1839080459770115,0.5700987695583166,0.4284618055555557,0.0,26,7.0,0.2,0.5,60.0,0.954061699914746
1,PAA-noPriority,9,0.6060985237849061,0.36223030008084667,0.8684058283919128,0.6537984161270212,0.3341690248834632,0.051552826589366385,0.6060985237849061,0.36223030008084667,0.8684058283919128,0.21893814997263272,0.6537984161270212,0.42803819444444446,0.0,25,4.0,0.075,0.3333333333333333,60.0,0.9454885000595823
1,PAA-noAdaptive,0,0.6742225415139529,0.3688669884785009,1.1224418956996507,0.8085150393190395,0.3718278041225726,0.06671110258384327,0.6742225415139529,0.3688669884785009,1.1224418956996507,0.14367816091954022,0.8085150393190395,0.47967361111111106,0.0,20,7.0,0.125,0.6,60.0,0.9038866000482813
1,PAA-noAdaptive,1,0.6690906090582859,0.3413791967040563,1.3796934333906814,0.774021733038923,0.2981486914414274,0.05980133900943656,0.6690906090582859,0.3413791967040563,1.3796934333906814,0.09995002498750624,0.774021733038923,0.3651006944444445,0.0,17,10.0,0.15,0.8333333333333334,60.0,0.9144326999085024
1,PAA-noAdaptive,2,0.6796353270911955,0.33531224097427453,1.3459568890394897,0.7922675254169386,0.3237926948168533,0.05871867567163555,0.6796353270911955,0.33531224097427453,1.3459568890394897,0.1044932079414838,0.7922675254169386,0.39997222222222223,0.0,18,10.0,0.075,0.3333333333333333,60.0,0.895442400011234
1,PAA-noAdaptive,3,0.6429963715395276,0.3547760908356637,1.2205576048237503,0.843371777750473,0.3809538048777903,0.06308211787516788,0.6429963715395276,0.3547760908356637,1.2205576048237503,0.12426219322771047,0.843371777750473,0.9461423611111114,0.0,20,8.0,0.1,0.5,60.0,0.8940203000092879
1,PAA-noAdaptive,4,0.6398229350908109,0.3723998717344173,1.2758102920010677,0.7396752135126856,0.37017633408040096,0.05260025538591723,0.6398229350908109,0.3723998717344173,1.2758102920010677,0.11494252873563218,0.7396752135126856,0.5064166666666667,0.0,19,9.0,0.075,0.6666666666666666,60.0,0.8850653000408784
1,PAA-noAdaptive,5,0.6548256499922875,0.32519180064363523,1.1725264764419854,0.6654247015219191,0.3311276354693352,0.06048957928459352,0.6548256499922875,0.32519180064363523,1.1725264764419854,0.13326669998334167,0.6654247015219191,0.42850694444444437,0.0,20,8.0,0.1,0.75,60.0,0.8873407000210136
1,PAA-noAdaptive,6,0.6681553058457299,0.3135798318692532,1.387999450968369,0.7339104590571883,0.30264977950660127,0.05820315448419458,0.6681553058457299,0.3135798318692532,1.387999450968369,0.09887529353602768,0.7339104590571883,0.37188194444444445,0.0,19,11.0,0.05,0.5,60.0,0.89213029993698
1,PAA-noAdaptive,7,0.6197355929241594,0.3661968920265949,1.2576624704910284,0.762454376595814,0.29297771228884084,0.062399167004716816,0.6197355929241594,0.3661968920265949,1.2576624704910284,0.11788977306218686,0.762454376595814,0.36358333333333337,0.0,18,9.0,0.025,1.0,60.0,0.8970676999306306
1,PAA-noAdaptive,8,0.6489074053803311,0.3520111660893691,1.396256058764158,0.8087540919688525,0.258034860727853,0.058066736667688176,0.6489074053803311,0.3520111660893691,1.396256058764158,0.09782342871117633,0.8087540919688525,0.30924305555555553,0.0,16,10.0,0.05,0.5,60.0,0.8866234000306576
1,PAA-noAdaptive,9,0.6371333077915401,0.3376172719347709,1.1527538013223835,0.7490939444953562,0.3769522762811337,0.06400567458122872,0.6371333077915401,0.3376172719347709,1.1527538013223835,0.1372448104306056,0.7490939444953562,0.9496597222222224,0.0,23,9.0,0.1,0.75,60.0,0.9066112000728026
1,PAA-noSLAMut,0,0.5556353893190875,0.4143267476484154,0.9685229624340642,0.7612571187796752,0.2945034542472018,0.06266363090194152,0.5556353893190875,0.4143267476484154,0.9685229624340642,0.1839080459770115,0.7612571187796752,0.37926736111111115,0.0,22,5.0,0.125,0.8,60.0,0.9628926999866962
1,PAA-noSLAMut,1,0.6522700909678998,0.31862270545436566,1.3544698050897952,0.6839277735122348,0.2751356780254363,0.057780910425532336,0.6522700909678998,0.31862270545436566,1.3544698050897952,0.10331912695337725,0.6839277735122348,0.34463194444444445,0.0,17,10.0,0.05,0.5,60.0,0.9529576000059023
1,PAA-noSLAMut,2,0.642989004220252,0.367092152764456,1.3200887962222398,0.8109171647380027,0.30156737337468603,0.0547530948324654,0.642989004220252,0.367092152764456,1.3200887962222398,0.10818120351588911,0.8109171647380027,0.36536805555555557,0.0,15,8.0,0.075,0.6666666666666666,60.0,0.9620365001028404
1,PAA-noSLAMut,3,0.64363752068814,0.3123123989135472,1.1527538013223833,0.6212418746753119,0.27436647626738714,0.06112334154365294,0.64363752068814,0.3123123989135472,1.1527538013223833,0.1372448104306056,0.6212418746753119,0.3325972222222222,0.0,22,8.0,0.15,0.5,60.0,0.9559788999613374
1,PAA-noSLAMut,4,0.6163498807494966,0.3474730293087985,1.0372886595566415,0.705323741949978,0.3981605188698551,0.060712712679503886,0.6163498807494966,0.3474730293087985,1.0372886595566415,0.16420361247947454,0.705323741949978,0.9915694444444444,0.0,23,7.0,0.125,0.6,60.0,0.963736700010486
1,PAA-noSLAMut,5,0.6955685643494766,0.3721578427630412,1.354469805089795,0.7919440695997844,0.31564487807262687,0.05862355338465917,0.6955685643494766,0.3721578427630412,1.354469805089795,0.10331912695337725,0.7919440695997844,0.3879722222222222,0.0,17,9.0,0.075,0.3333333333333333,60.0,0.9729851000010967
1,PAA-noSLAMut,6,0.6339774382379982,0.33958629430210474,1.2937035644497943,0.7864804075438849,0.3290637161325495,0.06284661934305501,0.6339774382379982,0.33958629430210474,1.2937035644497943,0.112139052425007,0.7864804075438849,0.447638888888889,0.0,19,10.0,0.125,0.6,60.0,0.9614648999413475
1,PAA-noSLAMut,7,0.634955509038495,0.38269118376180894,1.201575571988228,0.8047711272136684,0.3663428280117815,0.060927762688185436,0.634955509038495,0.38269118376180894,1.201575571988228,0.1277139208173691,0.8047711272136684,0.4837152777777778,0.0,21,9.0,0.075,0.6666666666666666,60.0,0.9719983999384567
1,PAA-noSLAMut,8,0.6479612505065401,0.383406593074352,1.1919712032812333,0.8031787781498625,0.4030641668124614,0.0589784753270993,0.6479612505065401,0.383406593074352,1.1919712032812333,0.12951270843451515,0.8031787781498625,0.5673993055555556,0.0,19,8.0,0.075,0.3333333333333333,60.0,0.9609758000588045
1,PAA-noSLAMut,9,0.6432409678976356,0.3498061765617552,1.2205576048237503,0.7015221605543374,0.24065190310092222,0.06267622618453768,0.6432409678976356,0.3498061765617552,1.2205576048237503,0.12426219322771047,0.7015221605543374,0.28685763888888893,0.0,17,8.0,0.1,0.5,60.0,0.9637844000244513
1,PAA-AdaptMut,0,0.6558006644554558,0.37288209096044367,1.2111037779422387,0.8363726094152923,0.30151042539617895,0.0618338783836208,0.6558006644554558,0.37288209096044367,1.2111037779422387,0.1259644150527476,0.8363726094152923,0.37302777777777785,0.0,20,8.0,0.1,0.5,60.0,0.8931588999694213
1,PAA-AdaptMut,1,0.6386968046558323,0.3676117663527522,1.1326360028574725,0.6578575153084818,0.26435448971570735,0.060527627579338675,0.6386968046558323,0.3676117663527522,1.1326360028574725,0.14146772767462423,0.6578575153084818,0.31514930555555554,0.0,20,7.0,0.125,0.6,60.0,0.9206685000099242
1,PAA-AdaptMut,2,0.6910578603239692,0.3756165941323,1.4126245053551467,0.8893614877136805,0.3216056909859396,0.0598791974712683,0.6910578603239692,0.3756165941323,1.4126245053551467,0.09578544061302682,0.8893614877136805,0.4056666666666667,0.0,17,10.0,0.1,0.5,60.0,0.920344699989073
1,PAA-AdaptMut,3,0.6419447101441742,0.3446784871418013,1.1919712032812333,0.7305864046827333,0.3449233810519144,0.06060953231244668,0.6419447101441742,0.3446784871418013,1.1919712032812333,0.12951270843451515,0.7305864046827333,0.45129166666666665,0.0,22,9.0,0.05,0.5,60.0,0.9143595000496134
1,PAA-AdaptMut,4,0.617991180193642,0.3894499519653237,1.1017707555238399,0.7824748705970738,0.3365710132118219,0.06325003098087209,0.617991180193642,0.3894499519653237,1.1017707555238399,0.14831294030404152,0.7824748705970738,0.43471180555555555,0.0,20,7.0,0.125,0.6,60.0,0.9199085000436753
1,PAA-AdaptMut,5,0.6385844481184948,0.3864663583933522,1.1121543523606332,0.7020619853838518,0.2211073926590937,0.062065166292578494,0.6385844481184948,0.3864663583933522,1.1121543523606332,0.14595876664842183,0.7020619853838518,0.2623055555555556,0.0,17,6.0,0.1,0.5,60.0,0.9137018999317661
1,PAA-AdaptMut,6,0.6719243149314108,0.310779505577553,1.337389786638785,0.7698673839466229,0.30308193054769383,0.06105225345453223,0.6719243149314108,0.310779505577553,1.337389786638785,0.10569427929713304,0.7698673839466229,0.3711597222222222,0.0,18,10.0,0.075,0.3333333333333333,60.0,0.909604600048624
1,PAA-AdaptMut,7,0.6710497825382692,0.37589322136198666,1.2667688800364192,0.8027692187144112,0.30099702033003356,0.062458916000593986,0.6710497825382692,0.37589322136198666,1.2667688800364192,0.11639749745380475,0.8027692187144112,0.37173958333333335,0.0,17,9.0,0.1,0.5,60.0,0.9175252000568435
1,PAA-AdaptMut,8,0.6664646781398538,0.35617581831286504,1.2299387677605003,0.7325944421134831,0.3055184400432646,0.05838904283434581,0.6664646781398538,0.35617581831286504,1.2299387677605003,0.12260536398467432,0.7325944421134831,0.38964236111111117,0.0,19,8.0,0.05,0.5,60.0,0.9331156000262126
1,PAA-AdaptMut,9,0.6765708421918692,0.379852880608012,1.266768880036419,0.8451161652030634,0.28513839384144224,0.06278329053006085,0.6765708421918692,0.379852880608012,1.266768880036419,0.11639749745380475,0.8451161652030634,0.3479930555555556,0.0,17,8.0,0.125,0.6,60.0,0.9107244999613613
1,NSGA3-PrioInit,0,0.6706825460547844,0.31521321995108537,1.0912883633487744,0.6738595548826881,0.2606497485765883,0.06702988938798676,0.6706825460547844,0.31521321995108537,1.0912883633487744,0.15074429998115696,0.6738595548826881,0.3207152777777778,0.0,22,8.0,0.075,1.0,18.0,0.9926968000363559
1,NSGA3-PrioInit,1,0.6585462423177283,0.34447400658584276,1.2392489169603274,0.8772030059085225,0.29896804180516834,0.06725860331053414,0.6585462423177283,0.34447400658584276,1.2392489169603274,0.12099213551119177,0.8772030059085225,0.3715277777777778,0.0,20,9.0,0.125,0.8,20.0,1.025944699998945
1,NSGA3-PrioInit,2,0.6879182919574914,0.32198662331136224,1.1121543523606332,0.7981616697040644,0.31958669110126614,0.06853238838468248,0.6879182919574914,0.32198662331136224,1.1121543523606332,0.14595876664842183,0.7981616697040644,0.40396527777777785,0.0,22,8.0,0.175,0.7142857142857143,15.0,0.9966117999283597
1,NSGA3-PrioInit,3,0.6944758544609013,0.3705623766741623,1.0807043010154629,0.9051384798120775,0.34398841842278627,0.06833767786284074,0.6944758544609013,0.3705623766741623,1.0807043010154629,0.1532567049808429,0.9051384798120775,0.44163194444444454,0.0,20,7.0,0.075,0.3333333333333333,21.0,0.9972351000178605
1,NSGA3-PrioInit,4,0.6936627500119694,0.3443236753060107,1.1626821716231532,0.8182959920665441,0.2683775780207097,0.07150832435186821,0.6936627500119694,0.3443236753060107,1.1626821716231532,0.1352265043948614,0.8182959920665441,0.32138541666666665,0.0,20,8.0,0.15,0.5,17.0,0.9930606000125408
1,NSGA3-PrioInit,5,0.6534595156051188,0.37223010674825835,1.2576624704910284,0.9220500167509644,0.27676312042153706,0.06327001385633013,0.6534595156051188,0.37223010674825835,1.2576624704910284,0.11788977306218686,0.9220500167509644,0.33441319444444445,0.0,18,9.0,0.175,0.7142857142857143,14.0,1.0184055001009256
1,NSGA3-PrioInit,6,0.6456702305933442,0.3277768255543725,1.1725264764419856,0.7901573458397497,0.2803464250696469,0.06438972953149927,0.6456702305933442,0.3277768255543725,1.1725264764419856,0.13326669998334167,0.7901573458397497,0.3431111111111111,0.0,21,9.0,0.15,0.8333333333333334,15.0,0.9884910000255331
1,NSGA3-PrioInit,7,0.6878890701695068,0.31425037702771597,1.0807043010154629,0.7731474426833532,0.30495829798650187,0.07206666317080809,0.6878890701695068,0.31425037702771597,1.0807043010154629,0.1532567049808429,0.7731474426833532,0.38644791666666667,0.0,21,7.0,0.175,0.7142857142857143,16.0,0.9862678999779746
1,NSGA3-PrioInit,8,0.6661435232241661,0.32653904087822294,1.1017707555238396,0.7327366188097175,0.280515039035654,0.0680439363987369,0.6661435232241661,0.32653904087822294,1.1017707555238396,0.14831294030404152,0.7327366188097175,0.3467916666666667,0.0,21,7.0,0.125,0.6,17.0,0.9955932999728248
1,NSGA3-PrioInit,9,0.6854417235750999,0.33166583246707,1.3113527077656704,0.8836111689493844,0.3019256074115688,0.06744930701751187,0.6854417235750999,0.33166583246707,1.3113527077656704,0.10946907498631636,0.8836111689493844,0.36888194444444444,0.0,18,10.0,0.175,0.7142857142857143,18.0,1.0178743000142276
