Config,Model,Recall,Precision
contaminated_v1,XGBoost,1.0,0.3663429730018141
contaminated_v1,XGBoost,0.9997087095834547,0.36875470076286665
contaminated_v1,XGBoost,0.9997087095834547,0.3708666522584828
contaminated_v1,XGBoost,0.9997087095834547,0.37300293446364524
contaminated_v1,XGBoost,0.9997087095834547,0.37508196721311476
contaminated_v1,XGBoost,0.9997087095834547,0.37726723095526
contaminated_v1,XGBoost,0.9994174191669094,0.37936753648827953
contaminated_v1,XGBoost,0.9994174191669094,0.3816887306708199
contaminated_v1,XGBoost,0.9991261287503641,0.38392657264383256
contaminated_v1,XGBoost,0.9988348383338188,0.3861486486486487
contaminated_v1,XGBoost,0.9985435479172735,0.3884859474161378
contaminated_v1,XGBoost,0.9979609670841829,0.3908727895037079
contaminated_v1,XGBoost,0.997087095834547,0.3932222860425043
contaminated_v1,XGBoost,0.9967958054180017,0.395606936416185
contaminated_v1,XGBoost,0.9962132245849111,0.39772066519362714
contaminated_v1,XGBoost,0.9956306437518205,0.4
contaminated_v1,XGBoost,0.9953393533352752,0.40256833176248824
contaminated_v1,XGBoost,0.9947567725021846,0.4048127074442864
contaminated_v1,XGBoost,0.9935916108360034,0.4071863435597469
contaminated_v1,XGBoost,0.9933003204194581,0.4098557692307692
contaminated_v1,XGBoost,0.9930090300029129,0.4125620234781556
contaminated_v1,XGBoost,0.9930090300029129,0.41532651072124754
contaminated_v1,XGBoost,0.9930090300029129,0.4180770174147658
contaminated_v1,XGBoost,0.9927177395863676,0.42074074074074075
contaminated_v1,XGBoost,0.9921351587532771,0.42326332794830374
contaminated_v1,XGBoost,0.9918438683367318,0.42599774802952584
contaminated_v1,XGBoost,0.9906787066705506,0.4283375314861461
contaminated_v1,XGBoost,0.9903874162540053,0.4311437991377124
contaminated_v1,XGBoost,0.9898048354209147,0.43386108273748725
contaminated_v1,XGBoost,0.9889309641712788,0.43637532133676094
contaminated_v1,XGBoost,0.9886396737547335,0.43929588402795755
contaminated_v1,XGBoost,0.9877658025050976,0.4420544909399035
contaminated_v1,XGBoost,0.987183221672007,0.44486741927014967
contaminated_v1,XGBoost,0.9863093504223711,0.44758757435558494
contaminated_v1,XGBoost,0.9857267695892805,0.4507192328183271
contaminated_v1,XGBoost,0.9854354791727352,0.4538502817279313
contaminated_v1,XGBoost,0.9839790270900087,0.4564864864864865
contaminated_v1,XGBoost,0.9831051558403728,0.4592461559395836
contaminated_v1,XGBoost,0.9819399941741916,0.46222405045934456
contaminated_v1,XGBoost,0.9807748325080105,0.46505524861878456
contaminated_v1,XGBoost,0.9799009612583746,0.4683932052353105
contaminated_v1,XGBoost,0.9796096708418293,0.47193376368229023
contaminated_v1,XGBoost,0.9787357995921934,0.47558386411889597
contaminated_v1,XGBoost,0.9769880570929217,0.47818648417450815
contaminated_v1,XGBoost,0.9761141858432858,0.4814655172413793
contaminated_v1,XGBoost,0.974366443344014,0.48457192524989134
contaminated_v1,XGBoost,0.9734925720943781,0.488096976778151
contaminated_v1,XGBoost,0.971453539178561,0.49080206033848417
contaminated_v1,XGBoost,0.9708709583454704,0.49429037520391517
contaminated_v1,XGBoost,0.9697057966792892,0.4977571770334928
contaminated_v1,XGBoost,0.9688319254296534,0.5012810851544838
contaminated_v1,XGBoost,0.9676667637634722,0.5051703163017032
contaminated_v1,XGBoost,0.9662103116807457,0.5085863232137381
contaminated_v1,XGBoost,0.9653364404311098,0.5123685837971552
contaminated_v1,XGBoost,0.9612583745994757,0.5144995322731525
contaminated_v1,XGBoost,0.9603845033498398,0.518233259981138
contaminated_v1,XGBoost,0.9592193416836586,0.5220355104629042
contaminated_v1,XGBoost,0.9568890183512962,0.5250959079283888
contaminated_v1,XGBoost,0.9551412758520245,0.5283596519497261
contaminated_v1,XGBoost,0.953684823769298,0.532098163497481
contaminated_v1,XGBoost,0.9516457908534809,0.5353982300884956
contaminated_v1,XGBoost,0.9493154675211185,0.538588663030904
contaminated_v1,XGBoost,0.9475677250218468,0.5423474491497166
contaminated_v1,XGBoost,0.9461112729391203,0.5462495795492768
contaminated_v1,XGBoost,0.9446548208563939,0.5501272264631043
contaminated_v1,XGBoost,0.9423244975240315,0.5537487161930845
contaminated_v1,XGBoost,0.9405767550247597,0.5575893628043516
contaminated_v1,XGBoost,0.9376638508593067,0.5610946487711347
contaminated_v1,XGBoost,0.9344596562773084,0.5644905859581207
contaminated_v1,XGBoost,0.9318380425284009,0.5680042613636364
contaminated_v1,XGBoost,0.9292164287794932,0.5716845878136201
contaminated_v1,XGBoost,0.9274686862802214,0.5758726713691446
contaminated_v1,XGBoost,0.925138362947859,0.5797736400146039
contaminated_v1,XGBoost,0.9230993300320419,0.5838246131171703
contaminated_v1,XGBoost,0.9196038450334983,0.5872395833333334
contaminated_v1,XGBoost,0.9172735217011361,0.591583693405974
contaminated_v1,XGBoost,0.9146519079522284,0.5954864403565333
contaminated_v1,XGBoost,0.9096999708709583,0.5987346625766872
contaminated_v1,XGBoost,0.90649577628896,0.6025169409486931
contaminated_v1,XGBoost,0.9021264200407807,0.6057109329160962
contaminated_v1,XGBoost,0.8997960967084183,0.6104743083003953
contaminated_v1,XGBoost,0.89659190212642,0.61437125748503
contaminated_v1,XGBoost,0.8922225458782406,0.617789431222267
contaminated_v1,XGBoost,0.8887270608796971,0.6217648257591196
contaminated_v1,XGBoost,0.8826099621322459,0.6238418777022854
contaminated_v1,XGBoost,0.8782406058840664,0.627471383975026
contaminated_v1,XGBoost,0.8744538304689776,0.6314682372738746
contaminated_v1,XGBoost,0.8695018933877076,0.6345663265306123
contaminated_v1,XGBoost,0.8639673754733469,0.637438211906297
contaminated_v1,XGBoost,0.8572676958928052,0.6395045632333768
contaminated_v1,XGBoost,0.853189630061171,0.6434534270650264
contaminated_v1,XGBoost,0.8459073696475385,0.6453333333333333
contaminated_v1,XGBoost,0.8394989804835421,0.6480773555205757
contaminated_v1,XGBoost,0.8342557529857267,0.6513531953604731
contaminated_v1,XGBoost,0.8298863967375474,0.6555453290381961
contaminated_v1,XGBoost,0.824643169239732,0.6592920353982301
contaminated_v1,XGBoost,0.8199825225750073,0.6634456752297903
contaminated_v1,XGBoost,0.8144480046606467,0.6671438797423049
contaminated_v1,XGBoost,0.8092047771628313,0.6711766127083837
contaminated_v1,XGBoost,0.8054180017477425,0.6763698630136986
contaminated_v1,XGBoost,0.8007573550830178,0.6809512013871687
contaminated_v1,XGBoost,0.7943489659190213,0.6841445057701957
contaminated_v1,XGBoost,0.7885231575881153,0.6881037112353838
contaminated_v1,XGBoost,0.7821147684241189,0.6916537867078826
contaminated_v1,XGBoost,0.7777454121759394,0.6967640918580376
contaminated_v1,XGBoost,0.7707544421788524,0.6998148637926475
contaminated_v1,XGBoost,0.765511214681037,0.7047465808527755
contaminated_v1,XGBoost,0.7591028255170404,0.7085372485046221
contaminated_v1,XGBoost,0.7532770171861346,0.7129859387923904
contaminated_v1,XGBoost,0.7500728226041363,0.7200782997762863
contaminated_v1,XGBoost,0.7433731430235945,0.7237663074305162
contaminated_v1,XGBoost,0.7375473346926886,0.7292626728110599
contaminated_v1,XGBoost,0.7308476551121468,0.7334112832505115
contaminated_v1,XGBoost,0.724147975531605,0.7376854599406528
contaminated_v1,XGBoost,0.7174482959510632,0.7423146473779385
contaminated_v1,XGBoost,0.7101660355374309,0.746250382614019
contaminated_v1,XGBoost,0.7023011942907078,0.7494560149207335
contaminated_v1,XGBoost,0.6953102242936208,0.7539481996209728
contaminated_v1,XGBoost,0.6868628022138071,0.7574686797301639
contaminated_v1,XGBoost,0.680745703466356,0.7629774730656219
contaminated_v1,XGBoost,0.6722982813865424,0.7662682602921647
contaminated_v1,XGBoost,0.6653073113894553,0.7716216216216216
contaminated_v1,XGBoost,0.6597727934750947,0.7783505154639175
contaminated_v1,XGBoost,0.652199242644917,0.783689184459223
contaminated_v1,XGBoost,0.6428779493154675,0.7865288667141839
contaminated_v1,XGBoost,0.6350131080687446,0.7910014513788098
contaminated_v1,XGBoost,0.6288960093212933,0.7984467455621301
contaminated_v1,XGBoost,0.6207398776580251,0.8035444947209653
contaminated_v1,XGBoost,0.6120011651616661,0.8077662437524029
contaminated_v1,XGBoost,0.6044276143314885,0.8143642072213501
contaminated_v1,XGBoost,0.5953976114185844,0.8182546036829463
contaminated_v1,XGBoost,0.5854937372560443,0.8220858895705522
contaminated_v1,XGBoost,0.5750072822604136,0.824905975762641
contaminated_v1,XGBoost,0.5662685697640547,0.8297055057618438
contaminated_v1,XGBoost,0.5572385668511506,0.8346422338568935
contaminated_v1,XGBoost,0.5499563064375182,0.8424810352521196
contaminated_v1,XGBoost,0.5403437226915234,0.8474189127455459
contaminated_v1,XGBoost,0.5307311389455287,0.852198316183349
contaminated_v1,XGBoost,0.5222837168657151,0.859127934834691
contaminated_v1,XGBoost,0.5106321002039033,0.8605792832596957
contaminated_v1,XGBoost,0.49956306437518205,0.8635448136958711
contaminated_v1,XGBoost,0.489659190212642,0.868733850129199
contaminated_v1,XGBoost,0.47946402563355667,0.8736730360934183
contaminated_v1,XGBoost,0.4666472473055637,0.8749317312943746
contaminated_v1,XGBoost,0.4555782114768424,0.8786516853932584
contaminated_v1,XGBoost,0.4448004660646665,0.8836805555555556
contaminated_v1,XGBoost,0.43373143023594524,0.8878950506857484
contaminated_v1,XGBoost,0.42207981357413343,0.8911439114391144
contaminated_v1,XGBoost,0.41217593941159336,0.8978426395939086
contaminated_v1,XGBoost,0.4011069035828721,0.9029508196721312
contaminated_v1,XGBoost,0.3885814156714244,0.9050203527815468
contaminated_v1,XGBoost,0.3769297990096126,0.9087078651685393
contaminated_v1,XGBoost,0.36440431109816485,0.911143481427531
contaminated_v1,XGBoost,0.35362656568598894,0.9183055975794251
contaminated_v1,XGBoost,0.34022720652490535,0.9182389937106918
contaminated_v1,XGBoost,0.3282842994465482,0.923013923013923
contaminated_v1,XGBoost,0.3160501019516458,0.9281437125748503
contaminated_v1,XGBoost,0.3041071948732887,0.9338103756708408
contaminated_v1,XGBoost,0.29216428779493153,0.9409005628517824
contaminated_v1,XGBoost,0.28022138071657443,0.9468503937007874
contaminated_v1,XGBoost,0.26682202155549084,0.9492227979274611
contaminated_v1,XGBoost,0.2537139528109525,0.9529540481400438
contaminated_v1,XGBoost,0.24060588406641423,0.9560185185185185
contaminated_v1,XGBoost,0.2269152344887853,0.958179581795818
contaminated_v1,XGBoost,0.21264200407806583,0.958005249343832
contaminated_v1,XGBoost,0.19924264491698224,0.9606741573033708
contaminated_v1,XGBoost,0.18642586658898921,0.9696969696969697
contaminated_v1,XGBoost,0.17273521701136033,0.9737274220032841
contaminated_v1,XGBoost,0.15817069618409554,0.9713774597495528
contaminated_v1,XGBoost,0.14535391785610252,0.9822834645669292
contaminated_v1,XGBoost,0.13166326827847363,0.9890590809628009
contaminated_v1,XGBoost,0.11709874745120885,0.9877149877149877
contaminated_v1,XGBoost,0.10282551704048937,0.9915730337078652
contaminated_v1,XGBoost,0.08826099621322459,0.9967105263157895
contaminated_v1,XGBoost,0.0736964753859598,0.9960629921259843
contaminated_v1,XGBoost,0.05913195455869502,1.0
contaminated_v1,XGBoost,0.04427614331488494,1.0
contaminated_v1,XGBoost,0.029711622487620156,1.0
contaminated_v1,XGBoost,0.014855811243810078,1.0
contaminated_v1,XGBoost,0.0,1.0
contaminated_v1,LightGBM,1.0,0.3663429730018141
contaminated_v1,LightGBM,0.9997087095834547,0.3681613387685046
contaminated_v1,LightGBM,0.9997087095834547,0.3705063154485588
contaminated_v1,LightGBM,0.9997087095834547,0.3726789010750353
contaminated_v1,LightGBM,0.9997087095834547,0.37475431316881413
contaminated_v1,LightGBM,0.9994174191669094,0.3768259198242724
contaminated_v1,LightGBM,0.9994174191669094,0.3790322580645161
contaminated_v1,LightGBM,0.9994174191669094,0.38126458495388377
contaminated_v1,LightGBM,0.9988348383338188,0.38355704697986576
contaminated_v1,LightGBM,0.9988348383338188,0.3858879135719109
contaminated_v1,LightGBM,0.9985435479172735,0.38813405797101447
contaminated_v1,LightGBM,0.9985435479172735,0.3909671532846715
contaminated_v1,LightGBM,0.9982522575007282,0.39332032594973027
contaminated_v1,LightGBM,0.997087095834547,0.3954482439926063
contaminated_v1,LightGBM,0.9967958054180017,0.39786071387048016
contaminated_v1,LightGBM,0.9962132245849111,0.40037461952704284
contaminated_v1,LightGBM,0.9956306437518205,0.4031611229063458
contaminated_v1,LightGBM,0.9944654820856393,0.40527065527065526
contaminated_v1,LightGBM,0.994174191669094,0.4081559435541736
contaminated_v1,LightGBM,0.9933003204194581,0.41188549341707936
contaminated_v1,LightGBM,0.9933003204194581,0.41494280846921394
contaminated_v1,LightGBM,0.9930090300029129,0.41771841686067884
contaminated_v1,LightGBM,0.9927177395863676,0.4204811844540407
contaminated_v1,LightGBM,0.9921351587532771,0.4229479697007327
contaminated_v1,LightGBM,0.9915525779201865,0.4255
contaminated_v1,LightGBM,0.9915525779201865,0.4288233812043336
contaminated_v1,LightGBM,0.9909699970870959,0.43145212428662016
contaminated_v1,LightGBM,0.9895135450043694,0.43373340143003064
contaminated_v1,LightGBM,0.9889309641712788,0.436712117314124
contaminated_v1,LightGBM,0.9889309641712788,0.43988079813423164
contaminated_v1,LightGBM,0.9880570929216429,0.44253098499673843
contaminated_v1,LightGBM,0.9877658025050976,0.44559789750328516
contaminated_v1,LightGBM,0.9868919312554617,0.448266737232072
contaminated_v1,LightGBM,0.9860180600058258,0.45115287218445954
contaminated_v1,LightGBM,0.9857267695892805,0.45447219983883963
contaminated_v1,LightGBM,0.9848528983396446,0.45769595234872074
contaminated_v1,LightGBM,0.9833964462569181,0.4608873720136519
contaminated_v1,LightGBM,0.9816487037576463,0.46348507770595515
contaminated_v1,LightGBM,0.9801922516749199,0.4665834719911259
contaminated_v1,LightGBM,0.979318380425284,0.46968426934898017
contaminated_v1,LightGBM,0.9775706379260123,0.4728092420400113
contaminated_v1,LightGBM,0.9764054762598311,0.4772209567198178
contaminated_v1,LightGBM,0.9758228954267405,0.4809072638530003
contaminated_v1,LightGBM,0.9740751529274687,0.4836563494359271
contaminated_v1,LightGBM,0.9726187008447422,0.48716078202509483
contaminated_v1,LightGBM,0.9711622487620157,0.49022202617262167
contaminated_v1,LightGBM,0.9702883775123798,0.49370090410552836
contaminated_v1,LightGBM,0.9688319254296534,0.49678864824495894
contaminated_v1,LightGBM,0.9682493445965628,0.501130710085934
contaminated_v1,LightGBM,0.9670841829303816,0.5047126786257221
contaminated_v1,LightGBM,0.966501602097291,0.5085057471264368
contaminated_v1,LightGBM,0.9650451500145645,0.5118183222617024
contaminated_v1,LightGBM,0.963588697931838,0.5151043288695111
contaminated_v1,LightGBM,0.9621322458491116,0.518361581920904
contaminated_v1,LightGBM,0.9609670841829304,0.5219110900174023
contaminated_v1,LightGBM,0.9595106321002039,0.5256942227896585
contaminated_v1,LightGBM,0.9583454704340227,0.5296200901481004
contaminated_v1,LightGBM,0.9563064375182057,0.5326951160149278
contaminated_v1,LightGBM,0.9545586950189339,0.5364216729415616
contaminated_v1,LightGBM,0.9525196621031168,0.5396930186499422
contaminated_v1,LightGBM,0.9519370812700262,0.5442131557035803
contaminated_v1,LightGBM,0.9496067579376638,0.5476230472030909
contaminated_v1,LightGBM,0.9481503058549374,0.5513211382113821
contaminated_v1,LightGBM,0.9452374016894844,0.5543218312265118
contaminated_v1,LightGBM,0.9423244975240315,0.5575663564288177
contaminated_v1,LightGBM,0.9394115933585785,0.5607720396452791
contaminated_v1,LightGBM,0.9373725604427614,0.564462375021926
contaminated_v1,LightGBM,0.9362073987765802,0.5688495575221238
contaminated_v1,LightGBM,0.9338770754442178,0.5725
contaminated_v1,LightGBM,0.930964171278765,0.576271186440678
contaminated_v1,LightGBM,0.9263035246140402,0.5787079162875342
contaminated_v1,LightGBM,0.922225458782406,0.5817714075707461
contaminated_v1,LightGBM,0.9187299737838626,0.5849406528189911
contaminated_v1,LightGBM,0.9149431983687737,0.5882022471910112
contaminated_v1,LightGBM,0.912321584619866,0.591948591948592
contaminated_v1,LightGBM,0.9088260996213224,0.5956471935853379
contaminated_v1,LightGBM,0.9056219050393242,0.5991520524185777
contaminated_v1,LightGBM,0.9009612583745995,0.6018680677174547
contaminated_v1,LightGBM,0.8977570637926012,0.6055009823182711
contaminated_v1,LightGBM,0.8942615787940577,0.6091269841269841
contaminated_v1,LightGBM,0.8913486746286047,0.6135953479045518
contaminated_v1,LightGBM,0.8872706087969706,0.61709886547812
contaminated_v1,LightGBM,0.883775123798427,0.6210849539406346
contaminated_v1,LightGBM,0.8802796387998835,0.6251551510136533
contaminated_v1,LightGBM,0.875910282551704,0.6284221525600836
contaminated_v1,LightGBM,0.8721235071366152,0.6325797591379675
contaminated_v1,LightGBM,0.8665889892222546,0.6351409052092228
contaminated_v1,LightGBM,0.8601806000582581,0.6373839844593137
contaminated_v1,LightGBM,0.8537722108942616,0.6398166339227243
contaminated_v1,LightGBM,0.8476551121468103,0.6422423306113441
contaminated_v1,LightGBM,0.8424118846489951,0.6455357142857143
contaminated_v1,LightGBM,0.8371686571511797,0.6489049446827726
contaminated_v1,LightGBM,0.8322167200699097,0.652432062114638
contaminated_v1,LightGBM,0.8263909117390038,0.6554990757855823
contaminated_v1,LightGBM,0.8202738129915526,0.6584054243628712
contaminated_v1,LightGBM,0.8135741334110108,0.6610650887573964
contaminated_v1,LightGBM,0.8092047771628313,0.6652298850574713
contaminated_v1,LightGBM,0.8019225167491989,0.6678796700630761
contaminated_v1,LightGBM,0.796970579667929,0.6719056974459725
contaminated_v1,LightGBM,0.7920186425866589,0.6761999502611291
contaminated_v1,LightGBM,0.7876492863384794,0.6811083123425693
contaminated_v1,LightGBM,0.7832799300903001,0.6861444245981118
contaminated_v1,LightGBM,0.7765802505097582,0.6894233255753814
contaminated_v1,LightGBM,0.7692979900961259,0.6924488725747246
contaminated_v1,LightGBM,0.7637634721817652,0.6964143426294821
contaminated_v1,LightGBM,0.757646373434314,0.7005117155938594
contaminated_v1,LightGBM,0.7538595980192252,0.7065247065247066
contaminated_v1,LightGBM,0.746868628022138,0.7098560354374308
contaminated_v1,LightGBM,0.7392950771919604,0.7127211457455771
contaminated_v1,LightGBM,0.732012816778328,0.716566866267465
contaminated_v1,LightGBM,0.7264782988639674,0.7222704894294816
contaminated_v1,LightGBM,0.7209437809496068,0.7272994416691155
contaminated_v1,LightGBM,0.7159918438683367,0.7330748583358186
contaminated_v1,LightGBM,0.7104573259539761,0.7384196185286104
contaminated_v1,LightGBM,0.7040489367899796,0.7427781192378611
contaminated_v1,LightGBM,0.696475385959802,0.7467207995003123
contaminated_v1,LightGBM,0.690649577628896,0.7519822391373295
contaminated_v1,LightGBM,0.6842411884648995,0.7572533849129593
contaminated_v1,LightGBM,0.6781240897174483,0.762778505897772
contaminated_v1,LightGBM,0.6702592484707253,0.7667444185271576
contaminated_v1,LightGBM,0.6609379551412758,0.769674355495251
contaminated_v1,LightGBM,0.6533644043110982,0.7745165745856354
contaminated_v1,LightGBM,0.6454995630643752,0.7786366830639494
contaminated_v1,LightGBM,0.6379260122341975,0.7829817661780479
contaminated_v1,LightGBM,0.6297698805709292,0.78704040771751
contaminated_v1,LightGBM,0.6233614914069328,0.7934742306266221
contaminated_v1,LightGBM,0.6152053597436644,0.797884397431054
contaminated_v1,LightGBM,0.6073405184969415,0.8025404157043879
contaminated_v1,LightGBM,0.5994756772502184,0.8083267871170463
contaminated_v1,LightGBM,0.5895718030876784,0.8108974358974359
contaminated_v1,LightGBM,0.5811243810078648,0.8156173344235487
contaminated_v1,LightGBM,0.5729682493445966,0.8209515859766278
contaminated_v1,LightGBM,0.5651034080978736,0.8279982927870252
contaminated_v1,LightGBM,0.5572385668511506,0.8339145597210114
contaminated_v1,LightGBM,0.5476259831051559,0.838163174320107
contaminated_v1,LightGBM,0.5365569472764347,0.8403284671532847
contaminated_v1,LightGBM,0.5266530731138945,0.8440709617180205
contaminated_v1,LightGBM,0.5176230702009904,0.8498326159732186
contaminated_v1,LightGBM,0.5083017768715409,0.8549730524252818
contaminated_v1,LightGBM,0.49839790270900086,0.8589357429718876
contaminated_v1,LightGBM,0.48762015729682495,0.8619979402677652
contaminated_v1,LightGBM,0.4785901543839208,0.8679344955097729
contaminated_v1,LightGBM,0.4686862802213807,0.8730330982094411
contaminated_v1,LightGBM,0.4581998252257501,0.8773006134969326
contaminated_v1,LightGBM,0.4474220798135741,0.8812392426850258
contaminated_v1,LightGBM,0.43810078648412465,0.8883638511518015
contaminated_v1,LightGBM,0.42790562190503934,0.8957317073170732
contaminated_v1,LightGBM,0.4162540052432275,0.8987421383647799
contaminated_v1,LightGBM,0.4037285173317798,0.9011703511053316
contaminated_v1,LightGBM,0.3914943198368774,0.9026192075218268
contaminated_v1,LightGBM,0.3801339935916108,0.9068797776233496
contaminated_v1,LightGBM,0.3678997960967084,0.9086330935251798
contaminated_v1,LightGBM,0.3553743081852607,0.9111277072442121
contaminated_v1,LightGBM,0.34372269152344886,0.9154383242823895
contaminated_v1,LightGBM,0.33236236527818236,0.9209039548022598
contaminated_v1,LightGBM,0.3212933294494611,0.926890756302521
contaminated_v1,LightGBM,0.3087678415380134,0.9298245614035088
contaminated_v1,LightGBM,0.2974075152927469,0.9358386801099908
contaminated_v1,LightGBM,0.28488202738129914,0.9394812680115274
contaminated_v1,LightGBM,0.27323041071948734,0.9455645161290323
contaminated_v1,LightGBM,0.26070492280803964,0.9501061571125266
contaminated_v1,LightGBM,0.24788814448004662,0.9529675251959686
contaminated_v1,LightGBM,0.234488785318963,0.9549228944246738
contaminated_v1,LightGBM,0.2222545878240606,0.9609571788413098
contaminated_v1,LightGBM,0.20914651907952228,0.9650537634408602
contaminated_v1,LightGBM,0.1954558695018934,0.9654676258992806
contaminated_v1,LightGBM,0.1817652199242645,0.9674418604651163
contaminated_v1,LightGBM,0.16836586076318089,0.9697986577181208
contaminated_v1,LightGBM,0.1543839207690067,0.9706959706959707
contaminated_v1,LightGBM,0.14156714244101368,0.9798387096774194
contaminated_v1,LightGBM,0.1272939120302942,0.9798206278026906
contaminated_v1,LightGBM,0.11331197203612,0.9798488664987406
contaminated_v1,LightGBM,0.1002039032915817,0.9913544668587896
contaminated_v1,LightGBM,0.08651325371395281,0.9966442953020134
contaminated_v1,LightGBM,0.07194873288668803,0.9959677419354839
contaminated_v1,LightGBM,0.05767550247596854,0.9949748743718593
contaminated_v1,LightGBM,0.043402272065249055,1.0
contaminated_v1,LightGBM,0.029129041654529567,1.0
contaminated_v1,LightGBM,0.014564520827264784,1.0
contaminated_v1,LightGBM,0.0,1.0
contaminated_v1,CatBoost,1.0,0.3663429730018141
contaminated_v1,CatBoost,0.9997087095834547,0.3686358754027927
contaminated_v1,CatBoost,0.9997087095834547,0.3707464621367614
contaminated_v1,CatBoost,0.9997087095834547,0.3729623994783743
contaminated_v1,CatBoost,0.9997087095834547,0.37520498524106266
contaminated_v1,CatBoost,0.9997087095834547,0.3775162248377516
contaminated_v1,CatBoost,0.9991261287503641,0.379382811635881
contaminated_v1,CatBoost,0.9985435479172735,0.3812701590479368
contaminated_v1,CatBoost,0.9976696766676376,0.3833240067151651
contaminated_v1,CatBoost,0.9973783862510923,0.3856290122761572
contaminated_v1,CatBoost,0.9973783862510923,0.388252636353328
contaminated_v1,CatBoost,0.997087095834547,0.39053051911009695
contaminated_v1,CatBoost,0.9967958054180017,0.3930622559154606
contaminated_v1,CatBoost,0.9967958054180017,0.395606936416185
contaminated_v1,CatBoost,0.9962132245849111,0.3981373690337602
contaminated_v1,CatBoost,0.9950480629187299,0.4001874414245548
contaminated_v1,CatBoost,0.9947567725021846,0.40242752769267026
contaminated_v1,CatBoost,0.9947567725021846,0.40510083036773425
contaminated_v1,CatBoost,0.9947567725021846,0.40761518262115065
contaminated_v1,CatBoost,0.994174191669094,0.4104136604136604
contaminated_v1,CatBoost,0.9933003204194581,0.4129829235799927
contaminated_v1,CatBoost,0.9930090300029129,0.41573170731707315
contaminated_v1,CatBoost,0.9924264491698224,0.4183447937131631
contaminated_v1,CatBoost,0.9912612875036412,0.42069477067622696
contaminated_v1,CatBoost,0.9906787066705506,0.4233258650734379
contaminated_v1,CatBoost,0.99009612583746,0.4259932322346159
contaminated_v1,CatBoost,0.9898048354209147,0.4288238263503281
contaminated_v1,CatBoost,0.9895135450043694,0.4316391359593393
contaminated_v1,CatBoost,0.9892222545878241,0.4345489443378119
contaminated_v1,CatBoost,0.9880570929216429,0.43722608919824696
contaminated_v1,CatBoost,0.9877658025050976,0.440275253180992
contaminated_v1,CatBoost,0.9863093504223711,0.44267224473787425
contaminated_v1,CatBoost,0.9860180600058258,0.44574664208585724
contaminated_v1,CatBoost,0.9851441887561899,0.44860061016049874
contaminated_v1,CatBoost,0.9839790270900087,0.4520877944325482
contaminated_v1,CatBoost,0.9828138654238275,0.4550236008091706
contaminated_v1,CatBoost,0.9801922516749199,0.45738752208780753
contaminated_v1,CatBoost,0.979318380425284,0.4605479452054794
contaminated_v1,CatBoost,0.9778619283425576,0.46367403314917127
contaminated_v1,CatBoost,0.9775706379260123,0.4672793093845725
contaminated_v1,CatBoost,0.9769880570929217,0.47060474252841306
contaminated_v1,CatBoost,0.9755316050101952,0.47349073943164144
contaminated_v1,CatBoost,0.9746577337605593,0.47697790449037775
contaminated_v1,CatBoost,0.9720361200116516,0.47959183673469385
contaminated_v1,CatBoost,0.9699970870958345,0.48246884960880904
contaminated_v1,CatBoost,0.9691232158461986,0.4857643451598774
contaminated_v1,CatBoost,0.9682493445965628,0.4893272486383041
contaminated_v1,CatBoost,0.9670841829303816,0.49258160237388726
contaminated_v1,CatBoost,0.9653364404311098,0.49551435406698563
contaminated_v1,CatBoost,0.963588697931838,0.49841795992165133
contaminated_v1,CatBoost,0.9630061170987475,0.5021263669501823
contaminated_v1,CatBoost,0.9618409554325663,0.505433950711771
contaminated_v1,CatBoost,0.9600932129332945,0.5085634932880728
contaminated_v1,CatBoost,0.9592193416836586,0.5120510029544394
contaminated_v1,CatBoost,0.9563064375182057,0.514576802507837
contaminated_v1,CatBoost,0.9533935333527527,0.5175521821631879
contaminated_v1,CatBoost,0.950771919603845,0.5203252032520326
contaminated_v1,CatBoost,0.9498980483542091,0.524023782741443
contaminated_v1,CatBoost,0.9481503058549374,0.527467185221196
contaminated_v1,CatBoost,0.9469851441887562,0.5312091503267974
contaminated_v1,CatBoost,0.945819982522575,0.5351903741552662
contaminated_v1,CatBoost,0.9446548208563939,0.5390625
contaminated_v1,CatBoost,0.940868045441305,0.5416736542009056
contaminated_v1,CatBoost,0.937955141275852,0.5447470817120622
contaminated_v1,CatBoost,0.9356248179434896,0.5482164191841611
contaminated_v1,CatBoost,0.933003204194582,0.5521461816928116
contaminated_v1,CatBoost,0.9303815904456744,0.5555748825882763
contaminated_v1,CatBoost,0.9260122341974949,0.5579150579150579
contaminated_v1,CatBoost,0.9245557821147684,0.5620683548786967
contaminated_v1,CatBoost,0.9207690066996795,0.5647668393782384
contaminated_v1,CatBoost,0.9187299737838626,0.568698160836639
contaminated_v1,CatBoost,0.9158170696184096,0.5721565059144677
contaminated_v1,CatBoost,0.912321584619866,0.5753122703894196
contaminated_v1,CatBoost,0.9091173900378677,0.5789278427007977
contaminated_v1,CatBoost,0.9059131954558695,0.5825060872822626
contaminated_v1,CatBoost,0.9035828721235072,0.5866111951588502
contaminated_v1,CatBoost,0.9003786775415089,0.5901107292859871
contaminated_v1,CatBoost,0.8951354500436935,0.5924426450742241
contaminated_v1,CatBoost,0.8919312554616953,0.596183800623053
contaminated_v1,CatBoost,0.8884357704631518,0.599803343166175
contaminated_v1,CatBoost,0.8855228662976988,0.6038935240365515
contaminated_v1,CatBoost,0.8814448004660647,0.6071428571428571
contaminated_v1,CatBoost,0.8782406058840664,0.6110660721524118
contaminated_v1,CatBoost,0.873871249635887,0.6142506142506142
contaminated_v1,CatBoost,0.8700844742207982,0.6180426236292158
contaminated_v1,CatBoost,0.8674628604718905,0.6231429169282277
contaminated_v1,CatBoost,0.863093504223711,0.626559526326919
contaminated_v1,CatBoost,0.8584328575589864,0.6298354349219919
contaminated_v1,CatBoost,0.8558112438100787,0.6351059230436662
contaminated_v1,CatBoost,0.8499854354791727,0.6382327209098863
contaminated_v1,CatBoost,0.8453247888144481,0.6423196104471005
contaminated_v1,CatBoost,0.8409554325662686,0.6462950526080143
contaminated_v1,CatBoost,0.834547043402272,0.6487771739130435
contaminated_v1,CatBoost,0.8295951063210021,0.652313330279432
contaminated_v1,CatBoost,0.8226041363239149,0.6543095458758109
contaminated_v1,CatBoost,0.8173609088260996,0.6580675422138836
contaminated_v1,CatBoost,0.8121176813282843,0.6617612152860195
contaminated_v1,CatBoost,0.806874453830469,0.6657053592886325
contaminated_v1,CatBoost,0.7995921934168366,0.6680457532246289
contaminated_v1,CatBoost,0.7955141275852025,0.67315750554597
contaminated_v1,CatBoost,0.7885231575881153,0.6759051186017478
contaminated_v1,CatBoost,0.7832799300903001,0.6798988621997472
contaminated_v1,CatBoost,0.7777454121759394,0.6839139344262295
contaminated_v1,CatBoost,0.771337023011943,0.6870783601453035
contaminated_v1,CatBoost,0.7637634721817652,0.6896370331404524
contaminated_v1,CatBoost,0.7585202446839499,0.6944
contaminated_v1,CatBoost,0.7538595980192252,0.6996485536631522
contaminated_v1,CatBoost,0.746868628022138,0.7030435974773787
contaminated_v1,CatBoost,0.7413341101077775,0.7077308120133482
contaminated_v1,CatBoost,0.734051849694145,0.7110609480812641
contaminated_v1,CatBoost,0.7305563646956015,0.7180074434583452
contaminated_v1,CatBoost,0.7238566851150597,0.7223837209302325
contaminated_v1,CatBoost,0.7177395863676085,0.7270581292416642
contaminated_v1,CatBoost,0.7136615205359743,0.7339724385859796
contaminated_v1,CatBoost,0.7069618409554326,0.7381386861313869
contaminated_v1,CatBoost,0.700553451791436,0.7429718875502008
contaminated_v1,CatBoost,0.6926886105447131,0.746390458254865
contaminated_v1,CatBoost,0.6865715117972618,0.751594387755102
contaminated_v1,CatBoost,0.6792892513836295,0.7559157212317666
contaminated_v1,CatBoost,0.6717157005534518,0.7600527356624918
contaminated_v1,CatBoost,0.6618118263909117,0.7616493462956755
contaminated_v1,CatBoost,0.6548208563938246,0.7664507330378452
contaminated_v1,CatBoost,0.6466647247305564,0.7702984038861902
contaminated_v1,CatBoost,0.6402563355665598,0.7761299435028248
contaminated_v1,CatBoost,0.6323914943198369,0.780373831775701
contaminated_v1,CatBoost,0.624526653073114,0.7856357640161231
contaminated_v1,CatBoost,0.6143314884940285,0.7875280059746079
contaminated_v1,CatBoost,0.6053014855811244,0.7910163684811572
contaminated_v1,CatBoost,0.5971453539178561,0.7958074534161491
contaminated_v1,CatBoost,0.5904456743373143,0.8027722772277228
contaminated_v1,CatBoost,0.580250509758229,0.8054993934492519
contaminated_v1,CatBoost,0.5715117972618701,0.8097399917457697
contaminated_v1,CatBoost,0.5610253422662395,0.8116308470290771
contaminated_v1,CatBoost,0.5525779201864258,0.8169681309216192
contaminated_v1,CatBoost,0.5420914651907952,0.8198237885462555
contaminated_v1,CatBoost,0.5324788814448005,0.8237945020279405
contaminated_v1,CatBoost,0.5240314593649869,0.830179972311952
contaminated_v1,CatBoost,0.5135450043693562,0.8327822390174776
contaminated_v1,CatBoost,0.5045150014564521,0.8387409200968523
contaminated_v1,CatBoost,0.4963588697931838,0.8456575682382134
contaminated_v1,CatBoost,0.48732886688027965,0.8522669383596536
contaminated_v1,CatBoost,0.476842411884649,0.8557239937271301
contaminated_v1,CatBoost,0.4663559568890184,0.8593666129898014
contaminated_v1,CatBoost,0.456160792309933,0.8642384105960265
contaminated_v1,CatBoost,0.4471307893970288,0.8711691259931895
contaminated_v1,CatBoost,0.4369356248179435,0.8766803039158387
contaminated_v1,CatBoost,0.42644916982231285,0.8819277108433735
contaminated_v1,CatBoost,0.41683658607631807,0.8888198757763975
contaminated_v1,CatBoost,0.40605884066414216,0.8935897435897436
contaminated_v1,CatBoost,0.39265948150305857,0.8927152317880794
contaminated_v1,CatBoost,0.3807165744247014,0.8958190541466758
contaminated_v1,CatBoost,0.3696475385959802,0.9006387508871541
contaminated_v1,CatBoost,0.35828721235071365,0.9050772626931567
contaminated_v1,CatBoost,0.34721817652199244,0.9106187929717342
contaminated_v1,CatBoost,0.3352752694436353,0.9149443561208267
contaminated_v1,CatBoost,0.3224584911156423,0.9171499585749793
contaminated_v1,CatBoost,0.3090591319545587,0.9170267934312878
contaminated_v1,CatBoost,0.2962423536265657,0.9195298372513563
contaminated_v1,CatBoost,0.28517331779784444,0.9270833333333334
contaminated_v1,CatBoost,0.27352170113603264,0.9333996023856859
contaminated_v1,CatBoost,0.26070492280803964,0.93717277486911
contaminated_v1,CatBoost,0.24876201572968248,0.943646408839779
contaminated_v1,CatBoost,0.23681910865132538,0.9508771929824561
contaminated_v1,CatBoost,0.22400233032333236,0.9552795031055901
contaminated_v1,CatBoost,0.21002039032915817,0.9549668874172186
contaminated_v1,CatBoost,0.196038450334984,0.9559659090909091
contaminated_v1,CatBoost,0.18438683367317216,0.9678899082568807
contaminated_v1,CatBoost,0.17157005534517913,0.9751655629139073
contaminated_v1,CatBoost,0.15817069618409554,0.98014440433213
contaminated_v1,CatBoost,0.14448004660646666,0.9841269841269841
contaminated_v1,CatBoost,0.12991552577920187,0.9845474613686535
contaminated_v1,CatBoost,0.11651616661811827,0.9925558312655087
contaminated_v1,CatBoost,0.10224293620739877,0.9943342776203966
contaminated_v1,CatBoost,0.08796970579667929,0.9966996699669967
contaminated_v1,CatBoost,0.07311389455286921,0.996031746031746
contaminated_v1,CatBoost,0.058549373725604426,1.0
contaminated_v1,CatBoost,0.043984852898339644,1.0
contaminated_v1,CatBoost,0.02942033207107486,1.0
contaminated_v1,CatBoost,0.014855811243810078,1.0
contaminated_v1,CatBoost,0.0,1.0
contaminated_v1,RandomForest,1.0,0.3663429730018141
contaminated_v1,RandomForest,1.0,0.369060417114599
contaminated_v1,RandomForest,0.9994174191669094,0.3709991349480969
contaminated_v1,RandomForest,0.9988348383338188,0.37296062649554057
contaminated_v1,RandomForest,0.9979609670841829,0.374835886214442
contaminated_v1,RandomForest,0.9979609670841829,0.3771466314398943
contaminated_v1,RandomForest,0.9973783862510923,0.37930652486983496
contaminated_v1,RandomForest,0.9973783862510923,0.3816742838033664
contaminated_v1,RandomForest,0.9973783862510923,0.38402871242709735
contaminated_v1,RandomForest,0.9973783862510923,0.3864996049215487
contaminated_v1,RandomForest,0.9973783862510923,0.38886996024985804
contaminated_v1,RandomForest,0.997087095834547,0.3913341717160169
contaminated_v1,RandomForest,0.9962132245849111,0.3936011048452066
contaminated_v1,RandomForest,0.9962132245849111,0.39601667438628996
contaminated_v1,RandomForest,0.9959219341683658,0.3983455668181289
contaminated_v1,RandomForest,0.9959219341683658,0.4007736490446607
contaminated_v1,RandomForest,0.9953393533352752,0.4030431705590941
contaminated_v1,RandomForest,0.9950480629187299,0.4055562151252523
contaminated_v1,RandomForest,0.9947567725021846,0.40795603870505315
contaminated_v1,RandomForest,0.994174191669094,0.41026565692991945
contaminated_v1,RandomForest,0.994174191669094,0.41289620130655696
contaminated_v1,RandomForest,0.9938829012525487,0.4155401290951163
contaminated_v1,RandomForest,0.9935916108360034,0.4184249263984298
contaminated_v1,RandomForest,0.9930090300029129,0.421280276816609
contaminated_v1,RandomForest,0.9918438683367318,0.4235601442965543
contaminated_v1,RandomForest,0.9912612875036412,0.4263342520671511
contaminated_v1,RandomForest,0.9909699970870959,0.42905788876276957
contaminated_v1,RandomForest,0.9898048354209147,0.4315468630937262
contaminated_v1,RandomForest,0.9892222545878241,0.43427109974424555
contaminated_v1,RandomForest,0.9886396737547335,0.43737113402061856
contaminated_v1,RandomForest,0.987183221672007,0.4399584577437362
contaminated_v1,RandomForest,0.9866006408389164,0.4426872304273951
contaminated_v1,RandomForest,0.9863093504223711,0.4457609268035808
contaminated_v1,RandomForest,0.9854354791727352,0.44861424214295187
contaminated_v1,RandomForest,0.9836877366734634,0.45098824786324787
contaminated_v1,RandomForest,0.9833964462569181,0.45394648379723007
contaminated_v1,RandomForest,0.9831051558403728,0.45706933911159264
contaminated_v1,RandomForest,0.9822312845907369,0.4600272851296044
contaminated_v1,RandomForest,0.9810661229245558,0.46282808849800744
contaminated_v1,RandomForest,0.9804835420914652,0.4661404237640216
contaminated_v1,RandomForest,0.979318380425284,0.46909446072275707
contaminated_v1,RandomForest,0.9787357995921934,0.47217537942664417
contaminated_v1,RandomForest,0.977279347509467,0.4748761500353857
contaminated_v1,RandomForest,0.974366443344014,0.4771074026529739
contaminated_v1,RandomForest,0.9729099912612875,0.4800919936754348
contaminated_v1,RandomForest,0.9720361200116516,0.4832729905865315
contaminated_v1,RandomForest,0.9705796679289251,0.4862813776999416
contaminated_v1,RandomForest,0.9691232158461986,0.48926470588235293
contaminated_v1,RandomForest,0.9673754733469269,0.49221876389506447
contaminated_v1,RandomForest,0.9659190212642004,0.49522102747909197
contaminated_v1,RandomForest,0.9644625691814739,0.4985694925463033
contaminated_v1,RandomForest,0.9632974075152927,0.5018971012293216
contaminated_v1,RandomForest,0.9618409554325663,0.5051246749273367
contaminated_v1,RandomForest,0.9598019225167492,0.5080172679617638
contaminated_v1,RandomForest,0.9574715991843868,0.5108797015853279
contaminated_v1,RandomForest,0.9551412758520245,0.5139498432601881
contaminated_v1,RandomForest,0.9525196621031168,0.5167509481668774
contaminated_v1,RandomForest,0.9516457908534809,0.5204715628484945
contaminated_v1,RandomForest,0.9498980483542091,0.523855421686747
contaminated_v1,RandomForest,0.9481503058549374,0.527467185221196
contaminated_v1,RandomForest,0.9464025633556656,0.531055900621118
contaminated_v1,RandomForest,0.9443635304398486,0.5345424567188788
contaminated_v1,RandomForest,0.9434896591902127,0.5385766544728966
contaminated_v1,RandomForest,0.940868045441305,0.5417645085541765
contaminated_v1,RandomForest,0.9382464316923973,0.5449162578243952
contaminated_v1,RandomForest,0.9370812700262161,0.5490698071343233
contaminated_v1,RandomForest,0.935042237110399,0.5527811262269674
contaminated_v1,RandomForest,0.9327119137780367,0.5562890896455872
contaminated_v1,RandomForest,0.9306728808622197,0.5600350569675723
contaminated_v1,RandomForest,0.9265948150305855,0.562610541209763
contaminated_v1,RandomForest,0.9228080396154966,0.5655123170296322
contaminated_v1,RandomForest,0.9196038450334983,0.5687263556116016
contaminated_v1,RandomForest,0.9166909408680455,0.5721818181818182
contaminated_v1,RandomForest,0.9140693271191378,0.5758854835749679
contaminated_v1,RandomForest,0.9102825517040489,0.5789181178214153
contaminated_v1,RandomForest,0.9085348092047771,0.583317748270058
contaminated_v1,RandomForest,0.9067870667055054,0.5878021148036254
contaminated_v1,RandomForest,0.9027090008738713,0.5908484270734032
contaminated_v1,RandomForest,0.9000873871249636,0.5949172121678861
contaminated_v1,RandomForest,0.89659190212642,0.5984833754617928
contaminated_v1,RandomForest,0.8930964171278765,0.6022392457277549
contaminated_v1,RandomForest,0.8881444800466065,0.6049603174603174
contaminated_v1,RandomForest,0.8840664142149723,0.6084603047313553
contaminated_v1,RandomForest,0.8805709292164288,0.6123151711565729
contaminated_v1,RandomForest,0.8750364113020681,0.6148178469095374
contaminated_v1,RandomForest,0.8703757646373435,0.6185054854067481
contaminated_v1,RandomForest,0.8668802796387999,0.6225941422594142
contaminated_v1,RandomForest,0.863093504223711,0.626559526326919
contaminated_v1,RandomForest,0.8584328575589864,0.6299700726806328
contaminated_v1,RandomForest,0.8546460821438975,0.6341041711692241
contaminated_v1,RandomForest,0.8505680163122633,0.6383909051158724
contaminated_v1,RandomForest,0.8461986600640838,0.6422728277691797
contaminated_v1,RandomForest,0.8418293038159045,0.6462432915921288
contaminated_v1,RandomForest,0.8362947859015438,0.6494005881022393
contaminated_v1,RandomForest,0.8301776871540927,0.652323186083772
contaminated_v1,RandomForest,0.8234780075735508,0.6550046339202966
contaminated_v1,RandomForest,0.8188173609088261,0.6590855803048066
contaminated_v1,RandomForest,0.8135741334110108,0.6627906976744186
contaminated_v1,RandomForest,0.8060005825808331,0.6648246035559827
contaminated_v1,RandomForest,0.7993009030002913,0.667639902676399
contaminated_v1,RandomForest,0.7926012234197495,0.6705273533760473
contaminated_v1,RandomForest,0.7859015438392077,0.6733216870476666
contaminated_v1,RandomForest,0.7809496067579377,0.6777047522750252
contaminated_v1,RandomForest,0.7736673463443052,0.680327868852459
contaminated_v1,RandomForest,0.7675502475968541,0.6838826888139112
contaminated_v1,RandomForest,0.7614331488494028,0.68753287743293
contaminated_v1,RandomForest,0.7573550830177687,0.693148493735004
contaminated_v1,RandomForest,0.7512379842703175,0.6972154636388213
contaminated_v1,RandomForest,0.7465773376055928,0.7025767543859649
contaminated_v1,RandomForest,0.739877658025051,0.7063403781979978
contaminated_v1,RandomForest,0.7343431401106904,0.7113431151241535
contaminated_v1,RandomForest,0.7288086221963297,0.7169054441260745
contaminated_v1,RandomForest,0.7229828138654238,0.7217214306484443
contaminated_v1,RandomForest,0.716283134284882,0.7257969303423849
contaminated_v1,RandomForest,0.7098747451208856,0.7302966736589751
contaminated_v1,RandomForest,0.7025924847072531,0.7340231284236154
contaminated_v1,RandomForest,0.6958928051267114,0.7387136672850959
contaminated_v1,RandomForest,0.6897757063792601,0.743952246308514
contaminated_v1,RandomForest,0.6813282842994466,0.7468071519795658
contaminated_v1,RandomForest,0.6722982813865424,0.7491074326517364
contaminated_v1,RandomForest,0.6635595688901835,0.7523117569352709
contaminated_v1,RandomForest,0.6565685988930964,0.7571380584481021
contaminated_v1,RandomForest,0.6487037576463734,0.7611073137388927
contaminated_v1,RandomForest,0.6411302068161957,0.7658315935977731
contaminated_v1,RandomForest,0.6335566559860181,0.7704569606801275
contaminated_v1,RandomForest,0.6239440722400234,0.7727272727272727
contaminated_v1,RandomForest,0.6163705214098456,0.7776552737963984
contaminated_v1,RandomForest,0.608796970579668,0.7830648182840015
contaminated_v1,RandomForest,0.600058258083309,0.7868601986249045
contaminated_v1,RandomForest,0.5913195455869502,0.7908063887806779
contaminated_v1,RandomForest,0.5840372851733178,0.7972166998011928
contaminated_v1,RandomForest,0.5747159918438683,0.8007305194805194
contaminated_v1,RandomForest,0.5659772793475095,0.8052217157065893
contaminated_v1,RandomForest,0.5575298572676959,0.8103302286198137
contaminated_v1,RandomForest,0.5482085639382465,0.8143660752920814
contaminated_v1,RandomForest,0.538013399359161,0.8183429330970314
contaminated_v1,RandomForest,0.5289833964462569,0.8232094288304623
contaminated_v1,RandomForest,0.5184969414506263,0.8259860788863109
contaminated_v1,RandomForest,0.5062627439557239,0.8264384213029006
contaminated_v1,RandomForest,0.4969414506262744,0.8313840155945419
contaminated_v1,RandomForest,0.48732886688027965,0.8365
contaminated_v1,RandomForest,0.4785901543839208,0.8434291581108829
contaminated_v1,RandomForest,0.4675211185551995,0.8460727464417501
contaminated_v1,RandomForest,0.4581998252257501,0.8525745257452575
contaminated_v1,RandomForest,0.4477133702301194,0.8572225320691579
contaminated_v1,RandomForest,0.43780949606757935,0.8628013777267508
contaminated_v1,RandomForest,0.4296533644043111,0.8722649319929036
contaminated_v1,RandomForest,0.41858432857558986,0.876219512195122
contaminated_v1,RandomForest,0.40693271191377806,0.8791692888609188
contaminated_v1,RandomForest,0.397028837751238,0.8867924528301887
contaminated_v1,RandomForest,0.3850859306728809,0.8902356902356903
contaminated_v1,RandomForest,0.373434314011069,0.8940027894002789
contaminated_v1,RandomForest,0.3623652781823478,0.8994938539407086
contaminated_v1,RandomForest,0.34954849985435477,0.9009009009009009
contaminated_v1,RandomForest,0.33731430235945237,0.9039812646370023
contaminated_v1,RandomForest,0.3244975240314594,0.9064279902359642
contaminated_v1,RandomForest,0.3116807457034664,0.9083191850594228
contaminated_v1,RandomForest,0.2988639673754733,0.9103815439219166
contaminated_v1,RandomForest,0.28662976988057093,0.9144981412639405
contaminated_v1,RandomForest,0.27323041071948734,0.916015625
contaminated_v1,RandomForest,0.26099621322458494,0.9218106995884774
contaminated_v1,RandomForest,0.24905330614622778,0.9283387622149837
contaminated_v1,RandomForest,0.23652781823478009,0.9333333333333333
contaminated_v1,RandomForest,0.22371103990678706,0.9377289377289377
contaminated_v1,RandomForest,0.21060297116224877,0.94140625
contaminated_v1,RandomForest,0.19749490241771045,0.9456066945606695
contaminated_v1,RandomForest,0.18496941450626275,0.9534534534534534
contaminated_v1,RandomForest,0.17186134576172443,0.959349593495935
contaminated_v1,RandomForest,0.15787940576755025,0.9609929078014184
contaminated_v1,RandomForest,0.14360617535683076,0.9610136452241715
contaminated_v1,RandomForest,0.13108068744538304,0.9761388286334056
contaminated_v1,RandomForest,0.11739003786775415,0.9829268292682927
contaminated_v1,RandomForest,0.10369938829012526,0.9916434540389972
contaminated_v1,RandomForest,0.08913486746286048,0.9935064935064936
contaminated_v1,RandomForest,0.0742790562190504,0.9922178988326849
contaminated_v1,RandomForest,0.05942324497524031,0.9902912621359223
contaminated_v1,RandomForest,0.04427614331488494,0.987012987012987
contaminated_v1,RandomForest,0.030002912904165454,1.0
contaminated_v1,RandomForest,0.015147101660355374,1.0
contaminated_v1,RandomForest,0.0,1.0
leakfree,XGBoost,1.0,0.3663429730018141
leakfree,XGBoost,0.9997087095834547,0.36879432624113473
leakfree,XGBoost,0.9994174191669094,0.3707986598940884
leakfree,XGBoost,0.9991261287503641,0.3727450554227342
leakfree,XGBoost,0.9991261287503641,0.37482242377882197
leakfree,XGBoost,0.9988348383338188,0.37677178332051425
leakfree,XGBoost,0.9976696766676376,0.3784530386740331
leakfree,XGBoost,0.9973783862510923,0.38048672074674966
leakfree,XGBoost,0.9959219341683658,0.3820538607665661
leakfree,XGBoost,0.9950480629187299,0.3839064958417622
leakfree,XGBoost,0.9935916108360034,0.385685210312076
leakfree,XGBoost,0.9933003204194581,0.38780848402138063
leakfree,XGBoost,0.9930090300029129,0.3899119295436349
leakfree,XGBoost,0.9915525779201865,0.391669543205615
leakfree,XGBoost,0.9906787066705506,0.3939990732159407
leakfree,XGBoost,0.9895135450043694,0.39596689590861406
leakfree,XGBoost,0.9892222545878241,0.3981242672919109
leakfree,XGBoost,0.9889309641712788,0.4004954582989265
leakfree,XGBoost,0.987183221672007,0.4023984801709808
leakfree,XGBoost,0.9866006408389164,0.4046594982078853
leakfree,XGBoost,0.9851441887561899,0.4066859066859067
leakfree,XGBoost,0.9833964462569181,0.40881569387260835
leakfree,XGBoost,0.981357413341101,0.4105032289508956
leakfree,XGBoost,0.9801922516749199,0.41257969592937715
leakfree,XGBoost,0.979318380425284,0.41495926931621824
leakfree,XGBoost,0.977279347509467,0.41677018633540375
leakfree,XGBoost,0.974366443344014,0.41833416708354176
leakfree,XGBoost,0.9729099912612875,0.42039018250471993
leakfree,XGBoost,0.9699970870958345,0.4221067308911142
leakfree,XGBoost,0.9676667637634722,0.423940786115365
leakfree,XGBoost,0.9662103116807457,0.42607578676942837
leakfree,XGBoost,0.9647538595980192,0.4283497154681842
leakfree,XGBoost,0.9630061170987475,0.4306369675654553
leakfree,XGBoost,0.9606757937663851,0.4325813221406086
leakfree,XGBoost,0.9580541800174774,0.43459302325581395
leakfree,XGBoost,0.9539761141858433,0.4362594911416012
leakfree,XGBoost,0.9522283716865715,0.4384388412017167
leakfree,XGBoost,0.9481503058549374,0.43974601459065116
leakfree,XGBoost,0.9446548208563939,0.44134458356015244
leakfree,XGBoost,0.9426157879405768,0.4436523169728544
leakfree,XGBoost,0.9405767550247597,0.4458097473422615
leakfree,XGBoost,0.9370812700262161,0.44736476150743987
leakfree,XGBoost,0.9347509466938537,0.4498177740398094
leakfree,XGBoost,0.930964171278765,0.45115753811405984
leakfree,XGBoost,0.9292164287794932,0.4538986909504838
leakfree,XGBoost,0.9271773958636761,0.4563440860215054
leakfree,XGBoost,0.9248470725313137,0.4588150289017341
leakfree,XGBoost,0.9219341683658607,0.4608328479906814
leakfree,XGBoost,0.9175648121176814,0.4621478873239437
leakfree,XGBoost,0.9137780367025925,0.46419058893163656
leakfree,XGBoost,0.9102825517040489,0.46593111674370064
leakfree,XGBoost,0.9070783571220506,0.4679188580015026
leakfree,XGBoost,0.904456743373143,0.47073984232868404
leakfree,XGBoost,0.902417710457326,0.4736278856443969
leakfree,XGBoost,0.8989222254587824,0.4762345679012346
leakfree,XGBoost,0.8963006117098747,0.4789850560398506
leakfree,XGBoost,0.8936789979609671,0.48170827445438846
leakfree,XGBoost,0.8893096417127877,0.483452098178939
leakfree,XGBoost,0.8861054471307894,0.4858648778150455
leakfree,XGBoost,0.883775123798427,0.48911816862808316
leakfree,XGBoost,0.8794057675502476,0.49057523561910954
leakfree,XGBoost,0.8750364113020681,0.4927821522309711
leakfree,XGBoost,0.870958345470434,0.4947054930509596
leakfree,XGBoost,0.8677541508884358,0.4975780858526808
leakfree,XGBoost,0.8628022138071657,0.4993256911665543
leakfree,XGBoost,0.8598893096417128,0.502468085106383
leakfree,XGBoost,0.8572676958928052,0.5054963929920989
leakfree,XGBoost,0.853189630061171,0.5081540596807772
leakfree,XGBoost,0.8482376929799009,0.5104294478527608
leakfree,XGBoost,0.843285755898631,0.5124800849707913
leakfree,XGBoost,0.8383338188173609,0.5142959256611865
leakfree,XGBoost,0.8342557529857267,0.5172476070074047
leakfree,XGBoost,0.8307602679871833,0.5198687568355814
leakfree,XGBoost,0.8278473638217303,0.523484988027261
leakfree,XGBoost,0.8228954267404602,0.5254836309523809
leakfree,XGBoost,0.8188173609088261,0.5283834586466165
leakfree,XGBoost,0.8124089717448296,0.5293224520781932
leakfree,XGBoost,0.8074570346635596,0.531441717791411
leakfree,XGBoost,0.8030876784153801,0.53378509196515
leakfree,XGBoost,0.7993009030002913,0.5368812365486206
leakfree,XGBoost,0.7934750946693854,0.5383399209486166
leakfree,XGBoost,0.7905621905039324,0.5421494206951658
leakfree,XGBoost,0.7870667055053888,0.5456381260096931
leakfree,XGBoost,0.7832799300903001,0.5485516115871073
leakfree,XGBoost,0.7789105738421206,0.5517952950887329
leakfree,XGBoost,0.7742499271773958,0.5545587314834133
leakfree,XGBoost,0.7687154092630353,0.5565162378743146
leakfree,XGBoost,0.7643460530148558,0.5597269624573379
leakfree,XGBoost,0.7599766967666763,0.5627696289905091
leakfree,XGBoost,0.7553160501019517,0.5657866026620118
leakfree,XGBoost,0.7506554034372269,0.5689997792007065
leakfree,XGBoost,0.7454121759394116,0.5715881170426625
leakfree,XGBoost,0.7401689484415963,0.5746268656716418
leakfree,XGBoost,0.7366734634430527,0.5783215184084153
leakfree,XGBoost,0.7302650742790562,0.5800555298472929
leakfree,XGBoost,0.7244392659481503,0.5821629213483146
leakfree,XGBoost,0.7197786192834256,0.5854063018242123
leakfree,XGBoost,0.7145353917856102,0.5881083672980101
leakfree,XGBoost,0.7098747451208856,0.5913613200679447
leakfree,XGBoost,0.7057966792892514,0.5951854581183984
leakfree,XGBoost,0.6999708709583454,0.5982076176250933
leakfree,XGBoost,0.6950189338770755,0.6017654476670871
leakfree,XGBoost,0.687736673463443,0.6035276073619632
leakfree,XGBoost,0.683658607631809,0.6078736078736079
leakfree,XGBoost,0.6746286047189047,0.6080336046206354
leakfree,XGBoost,0.6670550538887271,0.6092045756850226
leakfree,XGBoost,0.6603553743081853,0.6115457243053682
leakfree,XGBoost,0.6545295659772793,0.6144380639868745
leakfree,XGBoost,0.6484124672298281,0.6173044925124792
leakfree,XGBoost,0.6431692397320128,0.6210970464135022
leakfree,XGBoost,0.6385085930672881,0.6253922967189729
leakfree,XGBoost,0.6321002039032916,0.6280752532561505
leakfree,XGBoost,0.6251092339062044,0.6304347826086957
leakfree,XGBoost,0.6181182639091174,0.6332438078185616
leakfree,XGBoost,0.6099621322458492,0.6345454545454545
leakfree,XGBoost,0.6026798718322167,0.6368113265620191
leakfree,XGBoost,0.5939411593358579,0.6375859912445279
leakfree,XGBoost,0.5866588989222254,0.6397712833545108
leakfree,XGBoost,0.5808330905913196,0.6434333656018071
leakfree,XGBoost,0.5758811535100495,0.6490479317137229
leakfree,XGBoost,0.5691814739295077,0.6519853186519853
leakfree,XGBoost,0.5639382464316924,0.6571622539035981
leakfree,XGBoost,0.5575298572676959,0.660683465654125
leakfree,XGBoost,0.5508301776871541,0.6642079381805409
leakfree,XGBoost,0.5447130789397029,0.6685734715766893
leakfree,XGBoost,0.5385959801922516,0.6738338192419825
leakfree,XGBoost,0.5307311389455287,0.6765688822874119
leakfree,XGBoost,0.5249053306146227,0.6818009837306092
leakfree,XGBoost,0.5155840372851733,0.6826070188970305
leakfree,XGBoost,0.5080104864549956,0.6863439590712318
leakfree,XGBoost,0.5018933877075444,0.6916900843034925
leakfree,XGBoost,0.49606757937663853,0.6976648914379353
leakfree,XGBoost,0.48791144771337025,0.7014237855946399
leakfree,XGBoost,0.4777162831342849,0.7014542343883661
leakfree,XGBoost,0.4701427323041072,0.7063457330415754
leakfree,XGBoost,0.4643169239732013,0.7131991051454138
leakfree,XGBoost,0.4579085348092048,0.7201099404489235
leakfree,XGBoost,0.4503349839790271,0.7244611059044048
leakfree,XGBoost,0.4413049810661229,0.7280153772224892
leakfree,XGBoost,0.43402272065249053,0.7339901477832512
leakfree,XGBoost,0.42411884648995046,0.7357251136937848
leakfree,XGBoost,0.41392368191086515,0.7370331950207469
leakfree,XGBoost,0.4043110981648704,0.7398720682302772
leakfree,XGBoost,0.3946985144188756,0.7416529830322933
leakfree,XGBoost,0.3850859306728809,0.7452085682074409
leakfree,XGBoost,0.3769297990096126,0.751015670342426
leakfree,XGBoost,0.36644334401398193,0.7537447573397243
leakfree,XGBoost,0.35799592193416835,0.7591105620753552
leakfree,XGBoost,0.34809204777162833,0.7630906768837803
leakfree,XGBoost,0.3352752694436353,0.7602377807133421
leakfree,XGBoost,0.32653655694727646,0.7657103825136612
leakfree,XGBoost,0.3157588115351005,0.7666195190947667
leakfree,XGBoost,0.306437518205651,0.7718268525311812
leakfree,XGBoost,0.2962423536265657,0.7745620715917746
leakfree,XGBoost,0.2880862219632974,0.7824367088607594
leakfree,XGBoost,0.27847363821730264,0.7894302229562346
leakfree,XGBoost,0.26711331197203614,0.7918825561312608
leakfree,XGBoost,0.25750072822604136,0.7985546522131888
leakfree,XGBoost,0.24614040198077483,0.7994323557237465
leakfree,XGBoost,0.23681910865132538,0.8081510934393639
leakfree,XGBoost,0.2292455578211477,0.8223615464994776
leakfree,XGBoost,0.21875910282551703,0.8289183222958058
leakfree,XGBoost,0.2082726478298864,0.8352803738317757
leakfree,XGBoost,0.19662103116807458,0.8374689826302729
leakfree,XGBoost,0.18496941450626275,0.83994708994709
leakfree,XGBoost,0.17477424992717738,0.8522727272727273
leakfree,XGBoost,0.16341392368191088,0.8577981651376146
leakfree,XGBoost,0.15059714535391786,0.8559602649006622
leakfree,XGBoost,0.13807165744247013,0.8540540540540541
leakfree,XGBoost,0.12583745994756773,0.8605577689243028
leakfree,XGBoost,0.1147684241188465,0.869757174392936
leakfree,XGBoost,0.10369938829012526,0.8833746898263027
leakfree,XGBoost,0.09292164287794931,0.9011299435028248
leakfree,XGBoost,0.0809787357995922,0.9144736842105263
leakfree,XGBoost,0.06845324788814448,0.9288537549407114
leakfree,XGBoost,0.05563646956015147,0.9408866995073891
leakfree,XGBoost,0.04281969123215846,0.9607843137254902
leakfree,XGBoost,0.02883775123798427,0.9705882352941176
leakfree,XGBoost,0.014273230410719488,0.98
leakfree,XGBoost,0.0,1.0
leakfree,LightGBM,1.0,0.3663429730018141
leakfree,LightGBM,0.9994174191669094,0.3686868686868687
leakfree,LightGBM,0.9991261287503641,0.37061048082117776
leakfree,LightGBM,0.9985435479172735,0.3723658483597654
leakfree,LightGBM,0.9982522575007282,0.3743718592964824
leakfree,LightGBM,0.9982522575007282,0.37638660076880837
leakfree,LightGBM,0.997087095834547,0.3779814487632509
leakfree,LightGBM,0.9956306437518205,0.3794404973357016
leakfree,LightGBM,0.9947567725021846,0.38113839285714285
leakfree,LightGBM,0.994174191669094,0.38300976321400515
leakfree,LightGBM,0.994174191669094,0.38508405731693557
leakfree,LightGBM,0.9938829012525487,0.387155338704187
leakfree,LightGBM,0.9927177395863676,0.38917437478588557
leakfree,LightGBM,0.9915525779201865,0.3910396323951752
leakfree,LightGBM,0.9906787066705506,0.39331560078639993
leakfree,LightGBM,0.9898048354209147,0.3954841713221601
leakfree,LightGBM,0.9880570929216429,0.39723621032907835
leakfree,LightGBM,0.9868919312554617,0.3991987745964416
leakfree,LightGBM,0.9854354791727352,0.40111453640028455
leakfree,LightGBM,0.9845616079230993,0.40314885496183206
leakfree,LightGBM,0.9839790270900087,0.4052789442111578
leakfree,LightGBM,0.9816487037576463,0.40710316501570426
leakfree,LightGBM,0.9804835420914652,0.40919037199124725
leakfree,LightGBM,0.9766967666763764,0.4102532729719809
leakfree,LightGBM,0.974366443344014,0.41184437330706725
leakfree,LightGBM,0.9723274104281969,0.4135794820963945
leakfree,LightGBM,0.9708709583454704,0.415689698179097
leakfree,LightGBM,0.9702883775123798,0.41825715720743345
leakfree,LightGBM,0.968540635013108,0.4201946164539366
leakfree,LightGBM,0.9656277308476551,0.42207792207792205
leakfree,LightGBM,0.9624235362656569,0.4239702296933145
leakfree,LightGBM,0.9606757937663851,0.4260981912144703
leakfree,LightGBM,0.9580541800174774,0.4280322748568454
leakfree,LightGBM,0.9563064375182057,0.43010611817109917
leakfree,LightGBM,0.9551412758520245,0.4324146116312805
leakfree,LightGBM,0.9545586950189339,0.435308182784272
leakfree,LightGBM,0.9533935333527527,0.43780096308186195
leakfree,LightGBM,0.9510632100203903,0.44026429341963325
leakfree,LightGBM,0.9487328866880279,0.4422868006518197
leakfree,LightGBM,0.9472764346053015,0.44480919162905214
leakfree,LightGBM,0.9449461112729391,0.446831955922865
leakfree,LightGBM,0.9414506262743956,0.44851512628365253
leakfree,LightGBM,0.9397028837751238,0.45081050866405814
leakfree,LightGBM,0.9356248179434896,0.45271317829457364
leakfree,LightGBM,0.9324206233614915,0.4545583641011076
leakfree,LightGBM,0.9300903000291291,0.45679542203147355
leakfree,LightGBM,0.9260122341974949,0.45892882921899814
leakfree,LightGBM,0.9216428779493154,0.4611572657047078
leakfree,LightGBM,0.9178561025342267,0.46283783783783783
leakfree,LightGBM,0.9143606175356831,0.46496815286624205
leakfree,LightGBM,0.9108651325371395,0.4675538277511962
leakfree,LightGBM,0.909408680454413,0.4706059692493217
leakfree,LightGBM,0.9059131954558695,0.4725007596475235
leakfree,LightGBM,0.9018351296242354,0.4747738076982058
leakfree,LightGBM,0.8983396446256918,0.47688263491572597
leakfree,LightGBM,0.8954267404602388,0.47956318252730107
leakfree,LightGBM,0.8919312554616953,0.4815979867882982
leakfree,LightGBM,0.88668802796388,0.48340479593457203
leakfree,LightGBM,0.8823186717157006,0.48495036823567084
leakfree,LightGBM,0.8785318963006117,0.48684422921711057
leakfree,LightGBM,0.8735799592193417,0.48843648208469054
leakfree,LightGBM,0.8695018933877076,0.4909539473684211
leakfree,LightGBM,0.8654238275560734,0.49343962796877594
leakfree,LightGBM,0.8607631808913486,0.4953897736797988
leakfree,LightGBM,0.8572676958928052,0.49839119390347164
leakfree,LightGBM,0.8534809204777163,0.5004269854824936
leakfree,LightGBM,0.8514418875618992,0.5039655172413793
leakfree,LightGBM,0.8470725313137197,0.5061792863359443
leakfree,LightGBM,0.8421205942324498,0.5077274323849666
leakfree,LightGBM,0.8371686571511797,0.5095744680851064
leakfree,LightGBM,0.8319254296533644,0.5121951219512195
leakfree,LightGBM,0.8284299446548209,0.5149375339489408
leakfree,LightGBM,0.8249344596562773,0.5179224579370885
leakfree,LightGBM,0.8205651034080979,0.5207986688851913
leakfree,LightGBM,0.8164870375764637,0.5257925342337273
leakfree,LightGBM,0.8109525196621031,0.528373505408996
leakfree,LightGBM,0.808913486746286,0.5321962437715599
leakfree,LightGBM,0.8054180017477425,0.5353339787028074
leakfree,LightGBM,0.8001747742499272,0.5374682058305615
leakfree,LightGBM,0.7946402563355666,0.5393436140767102
leakfree,LightGBM,0.7888144480046606,0.5405189620758483
leakfree,LightGBM,0.7826973492572095,0.5418431135309538
leakfree,LightGBM,0.7777454121759394,0.5448979591836735
leakfree,LightGBM,0.7736673463443052,0.5487603305785124
leakfree,LightGBM,0.7690066996795806,0.5516088591725867
leakfree,LightGBM,0.7643460530148558,0.5546396110758824
leakfree,LightGBM,0.7582289542674046,0.556434373663959
leakfree,LightGBM,0.7535683076026799,0.5594723183391004
leakfree,LightGBM,0.7500728226041363,0.5627185314685315
leakfree,LightGBM,0.7433731430235945,0.5643520566121185
leakfree,LightGBM,0.7360908826099621,0.5654508838666368
leakfree,LightGBM,0.732012816778328,0.5686806969902692
leakfree,LightGBM,0.7276434605301486,0.5721484196060467
leakfree,LightGBM,0.7226915234488785,0.57483781278962
leakfree,LightGBM,0.7171570055345179,0.5769861729552379
leakfree,LightGBM,0.7122050684532479,0.5800711743772242
leakfree,LightGBM,0.7081270026216138,0.5840941854877463
leakfree,LightGBM,0.7028837751237984,0.5871046228710463
leakfree,LightGBM,0.6979318380425285,0.5905841754991373
leakfree,LightGBM,0.6903582872123507,0.5920559580314764
leakfree,LightGBM,0.6845324788814448,0.5946356275303644
leakfree,LightGBM,0.6798718322167201,0.5981547924141466
leakfree,LightGBM,0.6737547334692688,0.6003114456267843
leakfree,LightGBM,0.6670550538887271,0.6021561924796214
leakfree,LightGBM,0.6597727934750947,0.6033564198188599
leakfree,LightGBM,0.6542382755607341,0.6058807661181549
leakfree,LightGBM,0.6475385959801923,0.6082079343365253
leakfree,LightGBM,0.6428779493154675,0.6122052704576977
leakfree,LightGBM,0.6358869793183805,0.6147564066460152
leakfree,LightGBM,0.6297698805709292,0.6173615077098801
leakfree,LightGBM,0.6224876201572969,0.6192407997681831
leakfree,LightGBM,0.6175356830760268,0.6231628453850676
leakfree,LightGBM,0.6125837459947567,0.6268256333830104
leakfree,LightGBM,0.6073405184969415,0.6304807983066223
leakfree,LightGBM,0.6009321293329449,0.6332105586249233
leakfree,LightGBM,0.5953976114185844,0.6371571072319202
leakfree,LightGBM,0.5913195455869502,0.642811906269791
leakfree,LightGBM,0.5860763180891349,0.6467373834779814
leakfree,LightGBM,0.5790853480920478,0.6498855835240275
leakfree,LightGBM,0.572385668511506,0.6526071072733312
leakfree,LightGBM,0.5636469560151471,0.6532748143146523
leakfree,LightGBM,0.5586950189338771,0.6582017844886754
leakfree,LightGBM,0.5502475968540635,0.6597974152986378
leakfree,LightGBM,0.5450043693562482,0.6665479159244745
leakfree,LightGBM,0.538013399359161,0.6692028985507247
leakfree,LightGBM,0.5301485581124381,0.672082717872969
leakfree,LightGBM,0.523157588115351,0.6759503199096726
leakfree,LightGBM,0.5155840372851733,0.6792018419033001
leakfree,LightGBM,0.5106321002039033,0.6858372456964006
leakfree,LightGBM,0.5045150014564521,0.6914171656686626
leakfree,LightGBM,0.4966501602097291,0.6947840260798696
leakfree,LightGBM,0.48878531896300614,0.6997497914929107
leakfree,LightGBM,0.48004660646664726,0.702771855010661
leakfree,LightGBM,0.471890474803379,0.705574912891986
leakfree,LightGBM,0.4643169239732013,0.7087594486438417
leakfree,LightGBM,0.4535391785610253,0.7103102189781022
leakfree,LightGBM,0.4471307893970288,0.7159514925373134
leakfree,LightGBM,0.43810078648412465,0.7182425978987583
leakfree,LightGBM,0.4299446548208564,0.7214076246334311
leakfree,LightGBM,0.42266239440722403,0.7273182957393484
leakfree,LightGBM,0.41188464899504806,0.7299948373773877
leakfree,LightGBM,0.4016894844159627,0.7307896131425543
leakfree,LightGBM,0.3938246431692397,0.738394320043692
leakfree,LightGBM,0.3839207690066997,0.7392035894559731
leakfree,LightGBM,0.3760559277599767,0.7445213379469435
leakfree,LightGBM,0.3673172152636178,0.7479240806642942
leakfree,LightGBM,0.35886979318380424,0.7521367521367521
leakfree,LightGBM,0.34838333818817363,0.7526746381371932
leakfree,LightGBM,0.33760559277599766,0.7540663630448926
leakfree,LightGBM,0.3297407515292747,0.7612642905178211
leakfree,LightGBM,0.3212933294494611,0.7686411149825784
leakfree,LightGBM,0.3131371977861928,0.777295733911786
leakfree,LightGBM,0.3041071948732887,0.782608695652174
leakfree,LightGBM,0.2939120302942033,0.7852140077821012
leakfree,LightGBM,0.28400815613166325,0.788197251414713
leakfree,LightGBM,0.27381299155257793,0.7912457912457912
leakfree,LightGBM,0.26390911739003786,0.7975352112676056
leakfree,LightGBM,0.2542965336440431,0.8023897058823529
leakfree,LightGBM,0.24468394989804834,0.8069164265129684
leakfree,LightGBM,0.2353626565685989,0.8153380423814329
leakfree,LightGBM,0.22575007282260415,0.8235919234856536
leakfree,LightGBM,0.21409845616079232,0.8277027027027027
leakfree,LightGBM,0.20332071074861638,0.830952380952381
leakfree,LightGBM,0.19108651325371395,0.8314321926489227
leakfree,LightGBM,0.1811826390911739,0.8394062078272605
leakfree,LightGBM,0.17011360326245267,0.8427128427128427
leakfree,LightGBM,0.15846198660064084,0.85
leakfree,LightGBM,0.1473929507719196,0.856175972927242
leakfree,LightGBM,0.13603262452665307,0.860036832412523
leakfree,LightGBM,0.12612875036411303,0.8782961460446247
leakfree,LightGBM,0.1136032624526653,0.8843537414965986
leakfree,LightGBM,0.10166035537430819,0.8880407124681934
leakfree,LightGBM,0.08971744829595106,0.8953488372093024
leakfree,LightGBM,0.07690066996795805,0.9010238907849829
leakfree,LightGBM,0.06466647247305564,0.9135802469135802
leakfree,LightGBM,0.053306146227789106,0.9384615384615385
leakfree,LightGBM,0.0401980774832508,0.9452054794520548
leakfree,LightGBM,0.026798718322167202,0.9387755102040817
leakfree,LightGBM,0.013981939994174191,1.0
leakfree,LightGBM,0.0,1.0
leakfree,CatBoost,1.0,0.3663429730018141
leakfree,CatBoost,0.9994174191669094,0.36876612209802234
leakfree,CatBoost,0.9991261287503641,0.3707707274889201
leakfree,CatBoost,0.9988348383338188,0.37271739130434783
leakfree,CatBoost,0.9973783862510923,0.37424855175429006
leakfree,CatBoost,0.9967958054180017,0.37625068719076415
leakfree,CatBoost,0.9962132245849111,0.3781930775185226
leakfree,CatBoost,0.9956306437518205,0.38020022246941043
leakfree,CatBoost,0.9953393533352752,0.38225752321288736
leakfree,CatBoost,0.9950480629187299,0.38433843384338434
leakfree,CatBoost,0.9947567725021846,0.38639963792713283
leakfree,CatBoost,0.9935916108360034,0.3884523402801503
leakfree,CatBoost,0.9921351587532771,0.3901936075151793
leakfree,CatBoost,0.9915525779201865,0.39243716854968874
leakfree,CatBoost,0.9895135450043694,0.394037814638673
leakfree,CatBoost,0.9877658025050976,0.3957287898237834
leakfree,CatBoost,0.9860180600058258,0.3973471064678953
leakfree,CatBoost,0.9839790270900087,0.3991020793950851
leakfree,CatBoost,0.9828138654238275,0.40114136250148613
leakfree,CatBoost,0.9801922516749199,0.4024156900263095
leakfree,CatBoost,0.979318380425284,0.4047676378521551
leakfree,CatBoost,0.9775706379260123,0.4067385771421646
leakfree,CatBoost,0.9761141858432858,0.40870837907061836
leakfree,CatBoost,0.9734925720943781,0.41036345776031435
leakfree,CatBoost,0.9708709583454704,0.41178650852483323
leakfree,CatBoost,0.969414506262744,0.41408485753390567
leakfree,CatBoost,0.9676667637634722,0.4160821643286573
leakfree,CatBoost,0.9653364404311098,0.41790668348045396
leakfree,CatBoost,0.9627148266822022,0.4197891528007113
leakfree,CatBoost,0.9603845033498398,0.42155734560797853
leakfree,CatBoost,0.958636760850568,0.4238794435857805
leakfree,CatBoost,0.9568890183512962,0.4261253080814632
leakfree,CatBoost,0.9533935333527527,0.4277872173572082
leakfree,CatBoost,0.9516457908534809,0.4301514154048716
leakfree,CatBoost,0.9487328866880279,0.4317338282078473
leakfree,CatBoost,0.9464025633556656,0.4339521837852277
leakfree,CatBoost,0.9452374016894844,0.43633185424230203
leakfree,CatBoost,0.9431983687736674,0.43893181510098955
leakfree,CatBoost,0.9402854646082144,0.4407427635172037
leakfree,CatBoost,0.9364986891931255,0.4424108985826338
leakfree,CatBoost,0.9332944946111273,0.4443211759811399
leakfree,CatBoost,0.9312554616953103,0.4470703398126136
leakfree,CatBoost,0.9274686862802214,0.4486402705368466
leakfree,CatBoost,0.9242644916982231,0.45077425770706064
leakfree,CatBoost,0.9204777162831342,0.4523979957050823
leakfree,CatBoost,0.9172735217011361,0.4542700519330641
leakfree,CatBoost,0.915234488785319,0.45675243494693996
leakfree,CatBoost,0.9120302942033207,0.45848586908771416
leakfree,CatBoost,0.9091173900378677,0.46059622195985833
leakfree,CatBoost,0.90649577628896,0.4630263353667609
leakfree,CatBoost,0.9035828721235072,0.4652767361631918
leakfree,CatBoost,0.9006699679580542,0.4677760968229955
leakfree,CatBoost,0.8971744829595106,0.4697986577181208
leakfree,CatBoost,0.8942615787940577,0.4722350407629595
leakfree,CatBoost,0.8907660937955141,0.4746236225360857
leakfree,CatBoost,0.8869793183804253,0.4763767209011264
leakfree,CatBoost,0.8843577046315176,0.4789398958826313
leakfree,CatBoost,0.8802796387998835,0.4809038828771483
leakfree,CatBoost,0.875910282551704,0.4827420131642318
leakfree,CatBoost,0.8724147975531605,0.48462783171521034
leakfree,CatBoost,0.8686280221380717,0.48661879895561355
leakfree,CatBoost,0.8657151179726187,0.4892986499835364
leakfree,CatBoost,0.863093504223711,0.4921926910299003
leakfree,CatBoost,0.858141567142441,0.49363270777479895
leakfree,CatBoost,0.8540635013108069,0.4961082910321489
leakfree,CatBoost,0.8514418875618992,0.4998290013679891
leakfree,CatBoost,0.8479464025633556,0.5023295944779983
leakfree,CatBoost,0.8435770463151763,0.5043538836642285
leakfree,CatBoost,0.8400815613166327,0.5071215051872692
leakfree,CatBoost,0.8333818817360908,0.5084414430424737
leakfree,CatBoost,0.8295951063210021,0.5112188117034644
leakfree,CatBoost,0.8258083309059132,0.5138662316476346
leakfree,CatBoost,0.8211476842411884,0.5161113145367997
leakfree,CatBoost,0.8182347800757355,0.5194156804733728
leakfree,CatBoost,0.8129915525779202,0.5213898748365403
leakfree,CatBoost,0.8077483250801049,0.5233062842045669
leakfree,CatBoost,0.8010486454995631,0.5241090146750524
leakfree,CatBoost,0.7958054180017478,0.5259915286869464
leakfree,CatBoost,0.7891057384212059,0.5270428015564202
leakfree,CatBoost,0.786192834255753,0.5304638364779874
leakfree,CatBoost,0.7809496067579377,0.5326842837273992
leakfree,CatBoost,0.7759976696766676,0.534617700180614
leakfree,CatBoost,0.7710457325953977,0.5370257658754312
leakfree,CatBoost,0.7652199242644917,0.5389823553549447
leakfree,CatBoost,0.759685406350131,0.5409666044389131
leakfree,CatBoost,0.7553160501019517,0.5437198574124554
leakfree,CatBoost,0.7486163705214098,0.5453002333969871
leakfree,CatBoost,0.7439557238566851,0.5477160626206306
leakfree,CatBoost,0.7381299155257792,0.5496746203904556
leakfree,CatBoost,0.7314302359452374,0.5511413520632134
leakfree,CatBoost,0.7253131371977862,0.5525965379494008
leakfree,CatBoost,0.7186134576172444,0.5542574702314087
leakfree,CatBoost,0.7142441013690649,0.5570195365742844
leakfree,CatBoost,0.7060879697057967,0.5578826237054085
leakfree,CatBoost,0.7020099038741625,0.5612482533768048
leakfree,CatBoost,0.6970579667928926,0.5641206977840642
leakfree,CatBoost,0.6918147392950772,0.5666905273204486
leakfree,CatBoost,0.6886105447130789,0.5708765998551074
leakfree,CatBoost,0.6830760267987184,0.573069403714565
leakfree,CatBoost,0.6766676376347218,0.574857708487998
leakfree,CatBoost,0.6714244101369065,0.5774048096192385
leakfree,CatBoost,0.6658898922225459,0.5802030456852791
leakfree,CatBoost,0.6594815030585494,0.5817060637204522
leakfree,CatBoost,0.6551121468103699,0.5853722019781364
leakfree,CatBoost,0.6478298863967376,0.5866525982590346
leakfree,CatBoost,0.6428779493154675,0.5901069518716577
leakfree,CatBoost,0.6370521409845616,0.5928435890485226
leakfree,CatBoost,0.6303524614040198,0.5953232462173315
leakfree,CatBoost,0.6254005243227497,0.598884239888424
leakfree,CatBoost,0.6195747159918439,0.6013570822731128
leakfree,CatBoost,0.6140401980774832,0.6047045324153758
leakfree,CatBoost,0.6076318089134868,0.6069246435845214
leakfree,CatBoost,0.6006408389163996,0.6089781453041937
leakfree,CatBoost,0.5948150305854938,0.6121103117505995
leakfree,CatBoost,0.5875327701718613,0.6136294493459081
leakfree,CatBoost,0.5811243810078648,0.6163113994439295
leakfree,CatBoost,0.5750072822604136,0.6199748743718593
leakfree,CatBoost,0.5697640547625983,0.624122527121889
leakfree,CatBoost,0.564520827264783,0.6284046692607004
leakfree,CatBoost,0.5563646956015147,0.6299472295514512
leakfree,CatBoost,0.549665016020973,0.6332214765100671
leakfree,CatBoost,0.5406350131080687,0.6336633663366337
leakfree,CatBoost,0.5330614622778911,0.6363004172461753
leakfree,CatBoost,0.5269443635304398,0.6401273885350318
leakfree,CatBoost,0.5217011360326246,0.6451729106628242
leakfree,CatBoost,0.515292746868628,0.6486982031536487
leakfree,CatBoost,0.5088843577046315,0.6525961897646619
leakfree,CatBoost,0.5016020972909991,0.6557501904036558
leakfree,CatBoost,0.49548499854354794,0.6605825242718446
leakfree,CatBoost,0.4905330614622779,0.6666666666666666
leakfree,CatBoost,0.4826682202155549,0.6692245557350566
leakfree,CatBoost,0.4756772502184678,0.6734020618556701
leakfree,CatBoost,0.4675211185551995,0.6757894736842105
leakfree,CatBoost,0.4605301485581124,0.68
leakfree,CatBoost,0.4515001456452083,0.6819181698196216
leakfree,CatBoost,0.44567433731430234,0.6879496402877698
leakfree,CatBoost,0.4372269152344888,0.6907501150483203
leakfree,CatBoost,0.43110981648703756,0.6971267074894018
leakfree,CatBoost,0.42382755607340517,0.7018813314037626
leakfree,CatBoost,0.41538013399359164,0.705242334322453
leakfree,CatBoost,0.40751529274686865,0.7101522842639594
leakfree,CatBoost,0.3979027090008739,0.7114583333333333
leakfree,CatBoost,0.3888727060879697,0.7162017167381974
leakfree,CatBoost,0.3821730265074279,0.7244616234124793
leakfree,CatBoost,0.3731430235945237,0.7282546901648664
leakfree,CatBoost,0.36440431109816485,0.7332942555685815
leakfree,CatBoost,0.35420914651907953,0.7365233192004845
leakfree,CatBoost,0.34459656277308476,0.739375
leakfree,CatBoost,0.3358578502767259,0.7443511943189154
leakfree,CatBoost,0.32624526653073116,0.7481629926519706
leakfree,CatBoost,0.3201281677832799,0.7589779005524862
leakfree,CatBoost,0.3105155840372852,0.76415770609319
leakfree,CatBoost,0.3003204194581998,0.7671130952380952
leakfree,CatBoost,0.29070783571220504,0.7724458204334366
leakfree,CatBoost,0.280803961549665,0.7761674718196457
leakfree,CatBoost,0.27031750655403436,0.7778709136630344
leakfree,CatBoost,0.2612875036411302,0.7840909090909091
leakfree,CatBoost,0.25225750072822606,0.7923147301006405
leakfree,CatBoost,0.24060588406641423,0.7919463087248322
leakfree,CatBoost,0.22982813865423826,0.7937625754527163
leakfree,CatBoost,0.2219632974075153,0.8072033898305084
leakfree,CatBoost,0.21089426157879407,0.8089385474860336
leakfree,CatBoost,0.2018642586658899,0.8201183431952662
leakfree,CatBoost,0.19137780367025925,0.8264150943396227
leakfree,CatBoost,0.18263909117390037,0.8393574297188755
leakfree,CatBoost,0.17273521701136033,0.8495702005730659
leakfree,CatBoost,0.15962714826682203,0.8469860896445132
leakfree,CatBoost,0.1488494028546461,0.8545150501672241
leakfree,CatBoost,0.13778036702592486,0.8631386861313869
leakfree,CatBoost,0.1272939120302942,0.875751503006012
leakfree,CatBoost,0.11593358578502767,0.8844444444444445
leakfree,CatBoost,0.10369938829012526,0.8877805486284289
leakfree,CatBoost,0.09146519079522283,0.8895184135977338
leakfree,CatBoost,0.07952228371686572,0.900990099009901
leakfree,CatBoost,0.06583163413923682,0.9076305220883534
leakfree,CatBoost,0.05214098456160792,0.9040404040404041
leakfree,CatBoost,0.03932420623361491,0.9183673469387755
leakfree,CatBoost,0.026507427905621904,0.9285714285714286
leakfree,CatBoost,0.013399359161083601,0.9387755102040817
leakfree,CatBoost,0.0,1.0
leakfree,RandomForest,1.0,0.3663429730018141
leakfree,RandomForest,0.9994174191669094,0.36876612209802234
leakfree,RandomForest,0.9994174191669094,0.3709189189189189
leakfree,RandomForest,0.9991261287503641,0.3729071537290715
leakfree,RandomForest,0.9988348383338188,0.3749589939857846
leakfree,RandomForest,0.9982522575007282,0.3768418737629206
leakfree,RandomForest,0.9976696766676376,0.3788716814159292
leakfree,RandomForest,0.9962132245849111,0.38046501279341416
leakfree,RandomForest,0.9944654820856393,0.38205013428827217
leakfree,RandomForest,0.9938829012525487,0.3841044692108522
leakfree,RandomForest,0.9935916108360034,0.38620923913043476
leakfree,RandomForest,0.9915525779201865,0.3876993166287016
leakfree,RandomForest,0.9903874162540053,0.38950624355596286
leakfree,RandomForest,0.9886396737547335,0.39119409866297833
leakfree,RandomForest,0.9877658025050976,0.393341839693771
leakfree,RandomForest,0.9860180600058258,0.39498249708284716
leakfree,RandomForest,0.9851441887561899,0.3970881765880005
leakfree,RandomForest,0.9836877366734634,0.3990782320964311
leakfree,RandomForest,0.9825225750072822,0.4011655566127498
leakfree,RandomForest,0.9807748325080105,0.40313697318007663
leakfree,RandomForest,0.9784445091756481,0.4046987951807229
leakfree,RandomForest,0.9758228954267405,0.4063561377971858
leakfree,RandomForest,0.9734925720943781,0.407958984375
leakfree,RandomForest,0.971453539178561,0.4097051597051597
leakfree,RandomForest,0.9691232158461986,0.41150278293135434
leakfree,RandomForest,0.9676667637634722,0.4134926562111028
leakfree,RandomForest,0.966501602097291,0.41568529190679027
leakfree,RandomForest,0.9647538595980192,0.4177071509648127
leakfree,RandomForest,0.9627148266822022,0.41968253968253966
leakfree,RandomForest,0.9609670841829304,0.4220289113470641
leakfree,RandomForest,0.9595106321002039,0.4243204946541286
leakfree,RandomForest,0.9568890183512962,0.4260700389105058
leakfree,RandomForest,0.9548499854354792,0.4280490989814573
leakfree,RandomForest,0.9522283716865715,0.42984878369493756
leakfree,RandomForest,0.9501893387707544,0.4318813716404078
leakfree,RandomForest,0.9481503058549374,0.4341736694677871
leakfree,RandomForest,0.9443635304398486,0.4355770522638721
leakfree,RandomForest,0.9423244975240315,0.437931501286043
leakfree,RandomForest,0.9397028837751238,0.4398091342876619
leakfree,RandomForest,0.9376638508593067,0.44192751235584843
leakfree,RandomForest,0.9359161083600349,0.4443368828654405
leakfree,RandomForest,0.9335857850276726,0.44637883008356544
leakfree,RandomForest,0.9306728808622197,0.4482952153781395
leakfree,RandomForest,0.928051267113312,0.45070024048663176
leakfree,RandomForest,0.9260122341974949,0.4532363843741089
leakfree,RandomForest,0.9245557821147684,0.45596896997557823
leakfree,RandomForest,0.9216428779493154,0.45821868211440986
leakfree,RandomForest,0.9175648121176814,0.4597868924244636
leakfree,RandomForest,0.9146519079522284,0.46217250515160435
leakfree,RandomForest,0.9114477133702301,0.4642433234421365
leakfree,RandomForest,0.9088260996213224,0.4665071770334928
leakfree,RandomForest,0.9059131954558695,0.46858520415850535
leakfree,RandomForest,0.9012525487911448,0.4699984809357436
leakfree,RandomForest,0.8983396446256918,0.47228177641653907
leakfree,RandomForest,0.8948441596271483,0.4742204384069157
leakfree,RandomForest,0.8928051267113312,0.4768943519526995
leakfree,RandomForest,0.8893096417127877,0.47912743251726303
leakfree,RandomForest,0.8843577046315176,0.48037974683544304
leakfree,RandomForest,0.8811535100495194,0.4825330993778912
leakfree,RandomForest,0.8764928633847946,0.48430709802028005
leakfree,RandomForest,0.8724147975531605,0.4861223827300763
leakfree,RandomForest,0.8683367317215264,0.4882882882882883
leakfree,RandomForest,0.8654238275560734,0.4909120951751487
leakfree,RandomForest,0.8616370521409845,0.49291784702549574
leakfree,RandomForest,0.8566851150597146,0.4942857142857143
leakfree,RandomForest,0.8528983396446257,0.49669211195928753
leakfree,RandomForest,0.8488202738129915,0.4988017802122561
leakfree,RandomForest,0.8459073696475385,0.5015544041450777
leakfree,RandomForest,0.8406641421497233,0.5028750653423941
leakfree,RandomForest,0.8354209146519079,0.5043080710392123
leakfree,RandomForest,0.8313428488202738,0.50638750887154
leakfree,RandomForest,0.8281386542382756,0.5092244313093319
leakfree,RandomForest,0.8263909117390038,0.5130198915009042
leakfree,RandomForest,0.8214389746577337,0.5146924621281256
leakfree,RandomForest,0.8173609088260996,0.5170444075916713
leakfree,RandomForest,0.8132828429944655,0.5195385187941942
leakfree,RandomForest,0.8100786484124672,0.5233345878810689
leakfree,RandomForest,0.8054180017477425,0.5252659574468085
leakfree,RandomForest,0.8019225167491989,0.5286098310291859
leakfree,RandomForest,0.7981357413341101,0.5315227934044617
leakfree,RandomForest,0.7955141275852025,0.5350705329153606
leakfree,RandomForest,0.7923099330032042,0.5388272583201268
leakfree,RandomForest,0.7870667055053888,0.5407244346607964
leakfree,RandomForest,0.7832799300903001,0.5436716538617065
leakfree,RandomForest,0.7768715409263035,0.5448416751787538
leakfree,RandomForest,0.772502184678124,0.5474814203137902
leakfree,RandomForest,0.7681328284299447,0.5502921535893155
leakfree,RandomForest,0.7617244392659481,0.5515713984391478
leakfree,RandomForest,0.7561899213515876,0.5535181236673774
leakfree,RandomForest,0.7506554034372269,0.555627425614489
leakfree,RandomForest,0.7457034663559569,0.5579773321708805
leakfree,RandomForest,0.7404602388581416,0.560529217199559
leakfree,RandomForest,0.7352170113603262,0.5632671278732426
leakfree,RandomForest,0.7285173317797844,0.5648148148148148
leakfree,RandomForest,0.7226915234488785,0.566826593557231
leakfree,RandomForest,0.7186134576172444,0.5702727693018955
leakfree,RandomForest,0.7130789397028838,0.5724976613657624
leakfree,RandomForest,0.7081270026216138,0.5753846153846154
leakfree,RandomForest,0.7020099038741625,0.577522166307213
leakfree,RandomForest,0.6923973201281678,0.5775024295432458
leakfree,RandomForest,0.687736673463443,0.5808118081180812
leakfree,RandomForest,0.6827847363821731,0.5839561534628799
leakfree,RandomForest,0.67491989513545,0.5849532946225701
leakfree,RandomForest,0.6696766676376347,0.5878291996931732
leakfree,RandomForest,0.662103116807457,0.588860103626943
leakfree,RandomForest,0.6562773084765511,0.5914938304016802
leakfree,RandomForest,0.6510340809787358,0.5950479233226837
leakfree,RandomForest,0.6475385959801923,0.600486223662885
leakfree,RandomForest,0.6422953684823769,0.6039441248972884
leakfree,RandomForest,0.6367608505680163,0.6072222222222222
leakfree,RandomForest,0.6291872997378386,0.608793686583991
leakfree,RandomForest,0.6227789105738422,0.6117310443490701
leakfree,RandomForest,0.6175356830760268,0.6155632984901278
leakfree,RandomForest,0.6111272939120302,0.6183318597111701
leakfree,RandomForest,0.6012234197494902,0.6175942549371634
leakfree,RandomForest,0.5945237401689485,0.6201762382254634
leakfree,RandomForest,0.587241479755316,0.6220302375809935
leakfree,RandomForest,0.5805418001747743,0.6247648902821317
leakfree,RandomForest,0.5732595397611419,0.627151051625239
leakfree,RandomForest,0.564520827264783,0.6277939747327502
leakfree,RandomForest,0.5575298572676959,0.6304347826086957
leakfree,RandomForest,0.5511214681036994,0.6342608112638284
leakfree,RandomForest,0.5450043693562482,0.6379133992499147
leakfree,RandomForest,0.538013399359161,0.6410968413745227
leakfree,RandomForest,0.5278182347800757,0.6402826855123674
leakfree,RandomForest,0.5205359743664434,0.6430370636919756
leakfree,RandomForest,0.5138362947859015,0.6468646864686468
leakfree,RandomForest,0.5077191960384503,0.6513452914798207
leakfree,RandomForest,0.5016020972909991,0.6557501904036558
leakfree,RandomForest,0.4963588697931838,0.662004662004662
leakfree,RandomForest,0.4899504806291873,0.6669310071371927
leakfree,RandomForest,0.4829595106321002,0.6709834075273169
leakfree,RandomForest,0.4771337023011943,0.6768595041322314
leakfree,RandomForest,0.4701427323041072,0.6813001266357113
leakfree,RandomForest,0.4619866006408389,0.6842105263157895
leakfree,RandomForest,0.4544130498106612,0.6878306878306878
leakfree,RandomForest,0.44567433731430234,0.6904332129963899
leakfree,RandomForest,0.43780949606757935,0.6942263279445727
leakfree,RandomForest,0.4299446548208564,0.6982024597918638
leakfree,RandomForest,0.42091465190795224,0.7007759456838021
leakfree,RandomForest,0.41159335857850277,0.7029850746268657
leakfree,RandomForest,0.4025633556655986,0.7051020408163265
leakfree,RandomForest,0.3935333527526944,0.7077003666841278
leakfree,RandomForest,0.3847946402563356,0.7109795479009687
leakfree,RandomForest,0.3772210894261579,0.7170542635658915
leakfree,RandomForest,0.3670259248470725,0.717948717948718
leakfree,RandomForest,0.35916108360034954,0.7240164415736935
leakfree,RandomForest,0.35013108068744536,0.7276029055690073
leakfree,RandomForest,0.33993591610836005,0.730287859824781
leakfree,RandomForest,0.33090591319545587,0.7352750809061489
leakfree,RandomForest,0.3224584911156423,0.7409638554216867
leakfree,RandomForest,0.3148849402854646,0.7491337491337491
leakfree,RandomForest,0.3055636469560151,0.7546762589928058
leakfree,RandomForest,0.2953684823769298,0.7572815533980582
leakfree,RandomForest,0.28633847946402563,0.7631987577639752
leakfree,RandomForest,0.27789105738421205,0.7712206952303962
leakfree,RandomForest,0.26769589280512673,0.7748735244519392
leakfree,RandomForest,0.2563355665598602,0.7760141093474426
leakfree,RandomForest,0.24584911156422953,0.7800369685767098
leakfree,RandomForest,0.23652781823478009,0.7883495145631068
leakfree,RandomForest,0.22604136323914945,0.7918367346938775
leakfree,RandomForest,0.2149723274104282,0.7952586206896551
leakfree,RandomForest,0.20448587241479754,0.8013698630136986
leakfree,RandomForest,0.1942907078357122,0.8084848484848485
leakfree,RandomForest,0.18380425284008156,0.8152454780361758
leakfree,RandomForest,0.17215263617826973,0.8185595567867036
leakfree,RandomForest,0.1610836003495485,0.8253731343283582
leakfree,RandomForest,0.15059714535391786,0.8352180936995154
leakfree,RandomForest,0.13894552869210602,0.842756183745583
leakfree,RandomForest,0.12671133119720362,0.8446601941747572
leakfree,RandomForest,0.1147684241188465,0.8491379310344828
leakfree,RandomForest,0.10166035537430819,0.8450363196125908
leakfree,RandomForest,0.09030002912904166,0.8611111111111112
leakfree,RandomForest,0.07952228371686572,0.8806451612903226
leakfree,RandomForest,0.06787066705505389,0.8996138996138996
leakfree,RandomForest,0.05476259831051558,0.9082125603864735
leakfree,RandomForest,0.04252840081561317,0.9358974358974359
leakfree,RandomForest,0.02883775123798427,0.9519230769230769
leakfree,RandomForest,0.014273230410719488,0.9607843137254902
leakfree,RandomForest,0.0,1.0
