Config,Model,FPR,TPR
contaminated_v1,XGBoost,0.0,0.0
contaminated_v1,XGBoost,0.0010104412260020209,0.13428488202738129
contaminated_v1,XGBoost,0.0023576961940047153,0.15205359743664434
contaminated_v1,XGBoost,0.0038733580330077466,0.19079522283716865
contaminated_v1,XGBoost,0.005389019872010778,0.22021555490824352
contaminated_v1,XGBoost,0.006736274840013472,0.24876201572968248
contaminated_v1,XGBoost,0.008083529808016167,0.26565685988930965
contaminated_v1,XGBoost,0.010609632873021219,0.29158170696184094
contaminated_v1,XGBoost,0.012462108454024925,0.3032333236236528
contaminated_v1,XGBoost,0.01380936342202762,0.3151762307020099
contaminated_v1,XGBoost,0.015156618390030314,0.3242062336149141
contaminated_v1,XGBoost,0.016503873358033008,0.33207107486163706
contaminated_v1,XGBoost,0.017851128326035703,0.3489659190212642
contaminated_v1,XGBoost,0.019366790165038734,0.35886979318380424
contaminated_v1,XGBoost,0.021050858875042103,0.37139528109525194
contaminated_v1,XGBoost,0.02256652071404513,0.384212059423245
contaminated_v1,XGBoost,0.0242505894240485,0.3944072240023303
contaminated_v1,XGBoost,0.026271471876052544,0.4028546460821439
contaminated_v1,XGBoost,0.027787133715055576,0.41421497232741045
contaminated_v1,XGBoost,0.030313236780060628,0.42528400815613165
contaminated_v1,XGBoost,0.03199730549006399,0.4351878823186717
contaminated_v1,XGBoost,0.0338497810710677,0.44538304689775704
contaminated_v1,XGBoost,0.035702256652071405,0.4538304689775706
contaminated_v1,XGBoost,0.03738632536207477,0.4622778910573842
contaminated_v1,XGBoost,0.03907039407207814,0.4681036993882901
contaminated_v1,XGBoost,0.04058605591108117,0.4841246722982814
contaminated_v1,XGBoost,0.04227012462108454,0.48878531896300614
contaminated_v1,XGBoost,0.044796227686089596,0.4963588697931838
contaminated_v1,XGBoost,0.0466487032670933,0.5033498397902709
contaminated_v1,XGBoost,0.04799595823509599,0.5135450043693562
contaminated_v1,XGBoost,0.0498484338160997,0.5240314593649869
contaminated_v1,XGBoost,0.0517009093971034,0.528109525196621
contaminated_v1,XGBoost,0.05389019872010778,0.531022429362074
contaminated_v1,XGBoost,0.05591108117211182,0.5385959801922516
contaminated_v1,XGBoost,0.05759514988211519,0.5435479172735217
contaminated_v1,XGBoost,0.05978443920511957,0.5502475968540635
contaminated_v1,XGBoost,0.06281576288312563,0.5543256626856976
contaminated_v1,XGBoost,0.06517345907713035,0.5589863093504224
contaminated_v1,XGBoost,0.0671943415291344,0.5677250218467812
contaminated_v1,XGBoost,0.0695520377231391,0.572385668511506
contaminated_v1,XGBoost,0.07140451330414281,0.580250509758229
contaminated_v1,XGBoost,0.07325698888514652,0.5854937372560443
contaminated_v1,XGBoost,0.07561468507915123,0.5924847072531314
contaminated_v1,XGBoost,0.07746716066015494,0.6006408389163996
contaminated_v1,XGBoost,0.07948804311215897,0.6038450334983979
contaminated_v1,XGBoost,0.08150892556416302,0.6082143897465774
contaminated_v1,XGBoost,0.08420343550016841,0.6125837459947567
contaminated_v1,XGBoost,0.08639272482317278,0.618700844742208
contaminated_v1,XGBoost,0.08841360727517683,0.621613748907661
contaminated_v1,XGBoost,0.09077130346918154,0.6262743955723856
contaminated_v1,XGBoost,0.09430784776018862,0.6312263326536557
contaminated_v1,XGBoost,0.09733917143819468,0.6361782697349257
contaminated_v1,XGBoost,0.09952846076119906,0.6402563355665598
contaminated_v1,XGBoost,0.1020545638262041,0.6466647247305564
contaminated_v1,XGBoost,0.10373863253620748,0.6516166618118264
contaminated_v1,XGBoost,0.10542270124621085,0.6559860180600058
contaminated_v1,XGBoost,0.10828561805321657,0.6597727934750947
contaminated_v1,XGBoost,0.11131694173122264,0.6638508593067288
contaminated_v1,XGBoost,0.1143482654092287,0.6673463443052724
contaminated_v1,XGBoost,0.11788480970023577,0.6717157005534518
contaminated_v1,XGBoost,0.12041091276524082,0.6769589280512671
contaminated_v1,XGBoost,0.1226002020882452,0.680745703466356
contaminated_v1,XGBoost,0.12664196699225327,0.6856976405476259
contaminated_v1,XGBoost,0.12866284944425732,0.6900669967958054
contaminated_v1,XGBoost,0.13051532502526103,0.6941450626274396
contaminated_v1,XGBoost,0.13472549680026946,0.6976405476259832
contaminated_v1,XGBoost,0.13792522734927584,0.7049228080396155
contaminated_v1,XGBoost,0.14061973728528124,0.7116224876201573
contaminated_v1,XGBoost,0.14280902660828562,0.7159918438683367
contaminated_v1,XGBoost,0.1473560121252947,0.7215263617826974
contaminated_v1,XGBoost,0.1500505220613001,0.7258957180308768
contaminated_v1,XGBoost,0.15257662512630515,0.7305563646956015
contaminated_v1,XGBoost,0.15611316941731224,0.7352170113603262
contaminated_v1,XGBoost,0.15914449309531828,0.7395863676085057
contaminated_v1,XGBoost,0.16251263051532502,0.7424992717739587
contaminated_v1,XGBoost,0.1655439541933311,0.744829595106321
contaminated_v1,XGBoost,0.16857527787133714,0.7500728226041363
contaminated_v1,XGBoost,0.17581677332435164,0.7535683076026799
contaminated_v1,XGBoost,0.17952172448635903,0.757646373434314
contaminated_v1,XGBoost,0.1830582687773661,0.7611418584328575
contaminated_v1,XGBoost,0.1857527787133715,0.7658025050975823
contaminated_v1,XGBoost,0.18878410239137758,0.7692979900961259
contaminated_v1,XGBoost,0.19198383294038396,0.7727934750946693
contaminated_v1,XGBoost,0.19552037723139104,0.7768715409263035
contaminated_v1,XGBoost,0.19973054900639947,0.7803670259248471
contaminated_v1,XGBoost,0.20276187268440551,0.7829886396737548
contaminated_v1,XGBoost,0.20613001010441226,0.78823186717157
contaminated_v1,XGBoost,0.209498147524419,0.7920186425866589
contaminated_v1,XGBoost,0.21286628494442572,0.7949315467521119
contaminated_v1,XGBoost,0.2158976086224318,0.7987183221672007
contaminated_v1,XGBoost,0.22078140788144157,0.8025050975822895
contaminated_v1,XGBoost,0.22398113843044795,0.8065831634139237
contaminated_v1,XGBoost,0.23021219265746043,0.8094960675793766
contaminated_v1,XGBoost,0.23223307510946448,0.8129915525779202
contaminated_v1,XGBoost,0.23543280565847086,0.8150305854937373
contaminated_v1,XGBoost,0.23947457056247895,0.8176521992426449
contaminated_v1,XGBoost,0.24233748736948468,0.8208563938246431
contaminated_v1,XGBoost,0.24637925227349275,0.824643169239732
contaminated_v1,XGBoost,0.2507578309195015,0.8284299446548209
contaminated_v1,XGBoost,0.2544627820815089,0.8310515584037285
contaminated_v1,XGBoost,0.25833614011451667,0.834547043402272
contaminated_v1,XGBoost,0.2606938363085214,0.8386251092339062
contaminated_v1,XGBoost,0.2660828561805322,0.8412467229828139
contaminated_v1,XGBoost,0.2687773661165376,0.8459073696475385
contaminated_v1,XGBoost,0.27248231727854494,0.8523157588115351
contaminated_v1,XGBoost,0.2758504546985517,0.8555199533935334
contaminated_v1,XGBoost,0.2812394745705625,0.8593067288086222
contaminated_v1,XGBoost,0.28376557763556753,0.8636760850568016
contaminated_v1,XGBoost,0.28612327382957226,0.8668802796387999
contaminated_v1,XGBoost,0.289491411249579,0.8700844742207982
contaminated_v1,XGBoost,0.2938699898955877,0.8729973783862511
contaminated_v1,XGBoost,0.2987537891545975,0.8762015729682493
contaminated_v1,XGBoost,0.30262714718760525,0.8791144771337023
contaminated_v1,XGBoost,0.3068373189626137,0.8820273812991553
contaminated_v1,XGBoost,0.3097002357696194,0.8861054471307894
contaminated_v1,XGBoost,0.3140788144156282,0.889600932129333
contaminated_v1,XGBoost,0.3198046480296396,0.8922225458782406
contaminated_v1,XGBoost,0.324014819804648,0.8957180308767841
contaminated_v1,XGBoost,0.3292354328056585,0.8989222254587824
contaminated_v1,XGBoost,0.33597170764567197,0.9015438392076901
contaminated_v1,XGBoost,0.34422364432468844,0.904456743373143
contaminated_v1,XGBoost,0.3502862916807006,0.9082435187882318
contaminated_v1,XGBoost,0.35382283597170766,0.9105738421205942
contaminated_v1,XGBoost,0.35820141461771643,0.9129041654529566
contaminated_v1,XGBoost,0.3637588413607275,0.9158170696184096
contaminated_v1,XGBoost,0.3683058268777366,0.9178561025342267
contaminated_v1,XGBoost,0.3745368811047491,0.9204777162831342
contaminated_v1,XGBoost,0.3804311215897609,0.9228080396154966
contaminated_v1,XGBoost,0.388514651397777,0.925138362947859
contaminated_v1,XGBoost,0.39626136746379254,0.9277599766967667
contaminated_v1,XGBoost,0.40569215223981137,0.9303815904456744
contaminated_v1,XGBoost,0.41007073088582013,0.933003204194582
contaminated_v1,XGBoost,0.41916470191983835,0.935042237110399
contaminated_v1,XGBoost,0.42539575614685077,0.937955141275852
contaminated_v1,XGBoost,0.4304479622768609,0.9399941741916691
contaminated_v1,XGBoost,0.43987874705287977,0.9431983687736674
contaminated_v1,XGBoost,0.44728864937689455,0.9449461112729391
contaminated_v1,XGBoost,0.4587403166049175,0.9469851441887562
contaminated_v1,XGBoost,0.46749747389693497,0.9484415962714827
contaminated_v1,XGBoost,0.4738969349949478,0.950771919603845
contaminated_v1,XGBoost,0.48046480296396094,0.9531022429362074
contaminated_v1,XGBoost,0.4941057595149882,0.9551412758520245
contaminated_v1,XGBoost,0.5040417649040081,0.9577628896009321
contaminated_v1,XGBoost,0.5129673290670259,0.9600932129332945
contaminated_v1,XGBoost,0.5244189962950488,0.961549665016021
contaminated_v1,XGBoost,0.530481643651061,0.9641712787649286
contaminated_v1,XGBoost,0.5402492421690805,0.966501602097291
contaminated_v1,XGBoost,0.5491748063320984,0.9676667637634722
contaminated_v1,XGBoost,0.5614685079151229,0.969414506262744
contaminated_v1,XGBoost,0.5703940720781407,0.9702883775123798
contaminated_v1,XGBoost,0.5850454698551701,0.9723274104281969
contaminated_v1,XGBoost,0.5919501515661839,0.9740751529274687
contaminated_v1,XGBoost,0.6017177500842035,0.9746577337605593
contaminated_v1,XGBoost,0.6091276524082182,0.9761141858432858
contaminated_v1,XGBoost,0.6177164028292355,0.9775706379260123
contaminated_v1,XGBoost,0.6296732906702593,0.979318380425284
contaminated_v1,XGBoost,0.6362411586392724,0.9799009612583746
contaminated_v1,XGBoost,0.6503873358033008,0.9807748325080105
contaminated_v1,XGBoost,0.6628494442573257,0.9819399941741916
contaminated_v1,XGBoost,0.6776692489053553,0.9839790270900087
contaminated_v1,XGBoost,0.6864264061973728,0.9854354791727352
contaminated_v1,XGBoost,0.7010778039744021,0.9860180600058258
contaminated_v1,XGBoost,0.710508588750421,0.987183221672007
contaminated_v1,XGBoost,0.7233075109464466,0.9883483833381882
contaminated_v1,XGBoost,0.7436847423374874,0.9889309641712788
contaminated_v1,XGBoost,0.7556416301785113,0.9903874162540053
contaminated_v1,XGBoost,0.7672617042775345,0.9912612875036412
contaminated_v1,XGBoost,0.7847760188615696,0.9921351587532771
contaminated_v1,XGBoost,0.801953519703604,0.9930090300029129
contaminated_v1,XGBoost,0.818962613674638,0.9930090300029129
contaminated_v1,XGBoost,0.8339508251936679,0.9935916108360034
contaminated_v1,XGBoost,0.8428763893566857,0.9944654820856393
contaminated_v1,XGBoost,0.8608959245537218,0.9953393533352752
contaminated_v1,XGBoost,0.8770629841697541,0.9962132245849111
contaminated_v1,XGBoost,0.8908723475917818,0.9976696766676376
contaminated_v1,XGBoost,0.9006399461098012,0.9979609670841829
contaminated_v1,XGBoost,0.9092286965308185,0.9985435479172735
contaminated_v1,XGBoost,0.930953182889862,0.9991261287503641
contaminated_v1,XGBoost,0.9733917143819468,0.9997087095834547
contaminated_v1,XGBoost,1.0,1.0
contaminated_v1,LightGBM,0.0,0.0
contaminated_v1,LightGBM,0.0011788480970023577,0.11272939120302942
contaminated_v1,LightGBM,0.002526103065005052,0.15176230702009905
contaminated_v1,LightGBM,0.0038733580330077466,0.18642586658898921
contaminated_v1,LightGBM,0.0052206130010104415,0.2207981357413341
contaminated_v1,LightGBM,0.007073088582014146,0.2484707253131372
contaminated_v1,LightGBM,0.008588750421017177,0.27002621613748906
contaminated_v1,LightGBM,0.010272819131020546,0.2813865423827556
contaminated_v1,LightGBM,0.011956887841023913,0.29828138654238273
contaminated_v1,LightGBM,0.013640956551027282,0.3108068744538305
contaminated_v1,LightGBM,0.014988211519029977,0.32478881444800467
contaminated_v1,LightGBM,0.016672280229033345,0.33323623652781825
contaminated_v1,LightGBM,0.01835634893903671,0.34343140110690357
contaminated_v1,LightGBM,0.019703603907039405,0.35420914651907953
contaminated_v1,LightGBM,0.021387672617042774,0.3687736673463443
contaminated_v1,LightGBM,0.02324014819804648,0.3821730265074279
contaminated_v1,LightGBM,0.02492421690804985,0.3946985144188756
contaminated_v1,LightGBM,0.026271471876052544,0.41246722982813866
contaminated_v1,LightGBM,0.027787133715055576,0.42091465190795224
contaminated_v1,LightGBM,0.03014482990906029,0.43140110690358285
contaminated_v1,LightGBM,0.031828898619063656,0.43839207690066995
contaminated_v1,LightGBM,0.03401818794206803,0.44654820856393823
contaminated_v1,LightGBM,0.036375884136072754,0.4520827264782989
contaminated_v1,LightGBM,0.03822835971707646,0.4622778910573842
contaminated_v1,LightGBM,0.04058605591108117,0.47392950771919606
contaminated_v1,LightGBM,0.042438531492084874,0.47946402563355667
contaminated_v1,LightGBM,0.044796227686089596,0.48732886688027965
contaminated_v1,LightGBM,0.0466487032670933,0.49723274104281967
contaminated_v1,LightGBM,0.04900639946109801,0.5048062918729974
contaminated_v1,LightGBM,0.050858875042101716,0.5120885522866298
contaminated_v1,LightGBM,0.05304816436510609,0.5187882318671716
contaminated_v1,LightGBM,0.054732233075109465,0.5228662976988057
contaminated_v1,LightGBM,0.05725833614011452,0.5298572676958928
contaminated_v1,LightGBM,0.05894240485011788,0.5353917856102535
contaminated_v1,LightGBM,0.060626473560121255,0.5461695310224294
contaminated_v1,LightGBM,0.06332098349612664,0.553743081852607
contaminated_v1,LightGBM,0.06618390030313237,0.5621905039324206
contaminated_v1,LightGBM,0.06871000336813742,0.5659772793475095
contaminated_v1,LightGBM,0.07174132704614349,0.5720943780949607
contaminated_v1,LightGBM,0.07393061636914786,0.5755898630935042
contaminated_v1,LightGBM,0.0759514988211519,0.5811243810078648
contaminated_v1,LightGBM,0.07931963624115863,0.5875327701718613
contaminated_v1,LightGBM,0.081003704951162,0.5962714826682202
contaminated_v1,LightGBM,0.08386662175816774,0.6012234197494902
contaminated_v1,LightGBM,0.08588750421017177,0.605884066414215
contaminated_v1,LightGBM,0.08858201414617717,0.612875036411302
contaminated_v1,LightGBM,0.09228696530818457,0.6172443926594815
contaminated_v1,LightGBM,0.09380262714718761,0.6233614914069328
contaminated_v1,LightGBM,0.09632873021219265,0.6268569764054762
contaminated_v1,LightGBM,0.09986527450319974,0.6323914943198369
contaminated_v1,LightGBM,0.10222297069720444,0.6379260122341975
contaminated_v1,LightGBM,0.10592792185921186,0.6452082726478299
contaminated_v1,LightGBM,0.10828561805321657,0.6495776288960093
contaminated_v1,LightGBM,0.11081172111822163,0.6554034372269152
contaminated_v1,LightGBM,0.11266419669922532,0.6577337605592776
contaminated_v1,LightGBM,0.11468507915122937,0.6626856976405476
contaminated_v1,LightGBM,0.11670596160323342,0.6685115059714536
contaminated_v1,LightGBM,0.11855843718423711,0.672880862219633
contaminated_v1,LightGBM,0.1220949814752442,0.6784153801339936
contaminated_v1,LightGBM,0.12613674637925226,0.6819108651325372
contaminated_v1,LightGBM,0.12866284944425732,0.6868628022138071
contaminated_v1,LightGBM,0.1330414280902661,0.6921060297116225
contaminated_v1,LightGBM,0.13674637925227348,0.696475385959802
contaminated_v1,LightGBM,0.13927248231727854,0.7008447422079813
contaminated_v1,LightGBM,0.14247221286628495,0.7052140984561608
contaminated_v1,LightGBM,0.14533512967329068,0.7101660355374309
contaminated_v1,LightGBM,0.14904008083529807,0.7136615205359743
contaminated_v1,LightGBM,0.15442910070730886,0.7186134576172444
contaminated_v1,LightGBM,0.1588076793533176,0.7232741042819691
contaminated_v1,LightGBM,0.16183900303132367,0.7267695892805127
contaminated_v1,LightGBM,0.16520714045133042,0.7308476551121468
contaminated_v1,LightGBM,0.16958571909733916,0.734051849694145
contaminated_v1,LightGBM,0.17177500842034354,0.7390037867754151
contaminated_v1,LightGBM,0.17446951835634894,0.7430818526070492
contaminated_v1,LightGBM,0.17665880767935332,0.7477424992717739
contaminated_v1,LightGBM,0.1793533176153587,0.7515292746868628
contaminated_v1,LightGBM,0.18272145503536544,0.7547334692688611
contaminated_v1,LightGBM,0.18726844055237454,0.7573550830177687
contaminated_v1,LightGBM,0.1908049848433816,0.7620157296824934
contaminated_v1,LightGBM,0.19282586729538564,0.7652199242644917
contaminated_v1,LightGBM,0.19653081845739306,0.76842411884649
contaminated_v1,LightGBM,0.1998989558773998,0.7730847655112146
contaminated_v1,LightGBM,0.2036039070394072,0.77832799300903
contaminated_v1,LightGBM,0.20646682384641293,0.7821147684241189
contaminated_v1,LightGBM,0.21118221623442238,0.7850276725895718
contaminated_v1,LightGBM,0.21404513304142808,0.7885231575881153
contaminated_v1,LightGBM,0.21707645671943415,0.791144771337023
contaminated_v1,LightGBM,0.22162344223644326,0.794057675502476
contaminated_v1,LightGBM,0.225496800269451,0.7981357413341101
contaminated_v1,LightGBM,0.23021219265746043,0.8013399359161084
contaminated_v1,LightGBM,0.23391714381946782,0.806874453830469
contaminated_v1,LightGBM,0.2396429774334793,0.8106612292455578
contaminated_v1,LightGBM,0.2433479285954867,0.8156131663268279
contaminated_v1,LightGBM,0.24604243853149207,0.8202738129915526
contaminated_v1,LightGBM,0.24907376220949815,0.8234780075735508
contaminated_v1,LightGBM,0.25109464466150216,0.8266822021555491
contaminated_v1,LightGBM,0.2547995958235096,0.8298863967375474
contaminated_v1,LightGBM,0.25833614011451667,0.8333818817360908
contaminated_v1,LightGBM,0.2615358706635231,0.8365860763180891
contaminated_v1,LightGBM,0.2643987874705288,0.8415380133993592
contaminated_v1,LightGBM,0.26995621421353994,0.8441596271482669
contaminated_v1,LightGBM,0.27214550353654426,0.847363821730265
contaminated_v1,LightGBM,0.27568204782755135,0.8514418875618992
contaminated_v1,LightGBM,0.27837655776355674,0.8558112438100787
contaminated_v1,LightGBM,0.28107106769956214,0.8584328575589864
contaminated_v1,LightGBM,0.28528123947457057,0.8616370521409845
contaminated_v1,LightGBM,0.28797574941057597,0.8665889892222546
contaminated_v1,LightGBM,0.2911754799595824,0.8703757646373435
contaminated_v1,LightGBM,0.29488043112158974,0.8735799592193417
contaminated_v1,LightGBM,0.30212192657460424,0.8767841538013399
contaminated_v1,LightGBM,0.306500505220613,0.8808622196329741
contaminated_v1,LightGBM,0.31121589760862245,0.8831925429653364
contaminated_v1,LightGBM,0.31744695183563487,0.8863967375473347
contaminated_v1,LightGBM,0.3206466823846413,0.8890183512962424
contaminated_v1,LightGBM,0.3270461434826541,0.8919312554616953
contaminated_v1,LightGBM,0.3310879083866622,0.8939702883775124
contaminated_v1,LightGBM,0.3373189626136746,0.8968831925429653
contaminated_v1,LightGBM,0.3413607275176827,0.899504806291873
contaminated_v1,LightGBM,0.34691815426069383,0.9030002912904166
contaminated_v1,LightGBM,0.35095991916470193,0.9059131954558695
contaminated_v1,LightGBM,0.35685415964971373,0.9091173900378677
contaminated_v1,LightGBM,0.3605591108117211,0.9114477133702301
contaminated_v1,LightGBM,0.36847423374873695,0.9140693271191378
contaminated_v1,LightGBM,0.3736948467497474,0.9163996504515002
contaminated_v1,LightGBM,0.3782418322667565,0.9196038450334983
contaminated_v1,LightGBM,0.38413607275176825,0.9225167491989513
contaminated_v1,LightGBM,0.388009430784776,0.9257209437809496
contaminated_v1,LightGBM,0.39272482317278545,0.9283425575298573
contaminated_v1,LightGBM,0.39811384304479625,0.9315467521118556
contaminated_v1,LightGBM,0.4063657797238127,0.9341683658607631
contaminated_v1,LightGBM,0.4149545301448299,0.9370812700262161
contaminated_v1,LightGBM,0.4260693836308521,0.9397028837751238
contaminated_v1,LightGBM,0.4317952172448636,0.9420332071074862
contaminated_v1,LightGBM,0.43802627147187606,0.9446548208563939
contaminated_v1,LightGBM,0.4430784776018862,0.9469851441887562
contaminated_v1,LightGBM,0.4516672280229033,0.9496067579376638
contaminated_v1,LightGBM,0.4595823509599192,0.9516457908534809
contaminated_v1,LightGBM,0.4730549006399461,0.9531022429362074
contaminated_v1,LightGBM,0.4813068373189626,0.9551412758520245
contaminated_v1,LightGBM,0.4909060289659818,0.9583454704340227
contaminated_v1,LightGBM,0.5016840687100034,0.9603845033498398
contaminated_v1,LightGBM,0.5122937015830246,0.9612583745994757
contaminated_v1,LightGBM,0.5235769619400471,0.9632974075152927
contaminated_v1,LightGBM,0.5380599528460761,0.9659190212642004
contaminated_v1,LightGBM,0.5505220613001011,0.9673754733469269
contaminated_v1,LightGBM,0.5597844392051196,0.9682493445965628
contaminated_v1,LightGBM,0.5722465476591445,0.9697057966792892
contaminated_v1,LightGBM,0.5831929942741664,0.9711622487620157
contaminated_v1,LightGBM,0.5912765240821826,0.9726187008447422
contaminated_v1,LightGBM,0.6020545638262041,0.9740751529274687
contaminated_v1,LightGBM,0.6098012798922195,0.9758228954267405
contaminated_v1,LightGBM,0.6185584371842371,0.9764054762598311
contaminated_v1,LightGBM,0.631020545638262,0.9775706379260123
contaminated_v1,LightGBM,0.6411249578982823,0.9796096708418293
contaminated_v1,LightGBM,0.6525766251263051,0.9801922516749199
contaminated_v1,LightGBM,0.660996968676322,0.9825225750072822
contaminated_v1,LightGBM,0.6700909397103402,0.9839790270900087
contaminated_v1,LightGBM,0.677500842034355,0.9848528983396446
contaminated_v1,LightGBM,0.6889525092623779,0.9857267695892805
contaminated_v1,LightGBM,0.7004041764904008,0.9866006408389164
contaminated_v1,LightGBM,0.7135399124284271,0.9877658025050976
contaminated_v1,LightGBM,0.7307174132704615,0.9889309641712788
contaminated_v1,LightGBM,0.742000673627484,0.9895135450043694
contaminated_v1,LightGBM,0.7532839339845065,0.9906787066705506
contaminated_v1,LightGBM,0.7662512630515325,0.9915525779201865
contaminated_v1,LightGBM,0.7839339845065678,0.9921351587532771
contaminated_v1,LightGBM,0.7977433479285955,0.9930090300029129
contaminated_v1,LightGBM,0.8120579319636241,0.9933003204194581
contaminated_v1,LightGBM,0.8226675648366454,0.9935916108360034
contaminated_v1,LightGBM,0.8346244526776693,0.994174191669094
contaminated_v1,LightGBM,0.8469181542606938,0.9953393533352752
contaminated_v1,LightGBM,0.8573593802627147,0.9956306437518205
contaminated_v1,LightGBM,0.8649376894577299,0.9965045150014564
contaminated_v1,LightGBM,0.8792522734927585,0.997087095834547
contaminated_v1,LightGBM,0.8885146513977771,0.9982522575007282
contaminated_v1,LightGBM,0.904008083529808,0.9985435479172735
contaminated_v1,LightGBM,0.919501515661839,0.9988348383338188
contaminated_v1,LightGBM,0.9371842371168744,0.9994174191669094
contaminated_v1,LightGBM,0.9585719097339171,0.9994174191669094
contaminated_v1,LightGBM,1.0,1.0
contaminated_v1,CatBoost,0.0,0.0
contaminated_v1,CatBoost,0.0010104412260020209,0.12962423536265658
contaminated_v1,CatBoost,0.002526103065005052,0.16923973201281678
contaminated_v1,CatBoost,0.0038733580330077466,0.1890474803378969
contaminated_v1,CatBoost,0.005894240485011789,0.21002039032915817
contaminated_v1,CatBoost,0.007241495453014483,0.2414797553160501
contaminated_v1,CatBoost,0.009093971034018189,0.25284008156131665
contaminated_v1,CatBoost,0.010946446615021893,0.27090008738712495
contaminated_v1,CatBoost,0.013135735938026272,0.28633847946402563
contaminated_v1,CatBoost,0.014988211519029977,0.2959510632100204
contaminated_v1,CatBoost,0.016672280229033345,0.31867171570055347
contaminated_v1,CatBoost,0.01835634893903671,0.33760559277599766
contaminated_v1,CatBoost,0.019703603907039405,0.34983979027090006
contaminated_v1,CatBoost,0.02172448635904345,0.35916108360034954
contaminated_v1,CatBoost,0.023408555069046818,0.3670259248470725
contaminated_v1,CatBoost,0.02526103065005052,0.3792601223419749
contaminated_v1,CatBoost,0.027113506231054227,0.392076900669968
contaminated_v1,CatBoost,0.02862916807005726,0.4104281969123216
contaminated_v1,CatBoost,0.030313236780060628,0.41771045732595397
contaminated_v1,CatBoost,0.03233411923206467,0.42586658898922225
contaminated_v1,CatBoost,0.03486022229706972,0.43402272065249053
contaminated_v1,CatBoost,0.03671269787807342,0.4410136906495776
contaminated_v1,CatBoost,0.03856517345907713,0.4500436935624818
contaminated_v1,CatBoost,0.04142809026608286,0.456160792309933
contaminated_v1,CatBoost,0.04277534523408555,0.4628604718904748
contaminated_v1,CatBoost,0.044796227686089596,0.4707253131371978
contaminated_v1,CatBoost,0.0466487032670933,0.4780075735508302
contaminated_v1,CatBoost,0.04866958571909734,0.48732886688027965
contaminated_v1,CatBoost,0.050858875042101716,0.49315467521118556
contaminated_v1,CatBoost,0.05287975749410576,0.49752403145936497
contaminated_v1,CatBoost,0.05557426743011115,0.5039324206233615
contaminated_v1,CatBoost,0.05776355675311553,0.5097582289542674
contaminated_v1,CatBoost,0.06012125294712024,0.5150014564520827
contaminated_v1,CatBoost,0.06247894914112496,0.5260704922808039
contaminated_v1,CatBoost,0.064499831593129,0.531022429362074
contaminated_v1,CatBoost,0.06685752778713372,0.5365569472764347
contaminated_v1,CatBoost,0.06871000336813742,0.5418001747742499
contaminated_v1,CatBoost,0.07039407207814079,0.5484998543547918
contaminated_v1,CatBoost,0.07207814078814416,0.5551995339353335
contaminated_v1,CatBoost,0.07426743011114853,0.5604427614331489
contaminated_v1,CatBoost,0.07713034691815426,0.5674337314302359
contaminated_v1,CatBoost,0.07965644998315931,0.5755898630935042
contaminated_v1,CatBoost,0.08184573930616369,0.5825808330905913
contaminated_v1,CatBoost,0.08420343550016841,0.5910282551704049
contaminated_v1,CatBoost,0.08672953856517346,0.5956889018351296
contaminated_v1,CatBoost,0.08992926911417985,0.600058258083309
contaminated_v1,CatBoost,0.09245537217918491,0.6047189047480338
contaminated_v1,CatBoost,0.09430784776018862,0.6105447130789396
contaminated_v1,CatBoost,0.09616032334119232,0.6163705214098456
contaminated_v1,CatBoost,0.09801279892219603,0.6204485872414798
contaminated_v1,CatBoost,0.10037049511620075,0.6280221380716574
contaminated_v1,CatBoost,0.10323341192320647,0.6326827847363822
contaminated_v1,CatBoost,0.10592792185921186,0.6385085930672881
contaminated_v1,CatBoost,0.10912765240821826,0.6431692397320128
contaminated_v1,CatBoost,0.11148534860222296,0.6466647247305564
contaminated_v1,CatBoost,0.11417985853822836,0.6530731138945529
contaminated_v1,CatBoost,0.11653755473223308,0.6580250509758229
contaminated_v1,CatBoost,0.11990569215223981,0.6623944072240023
contaminated_v1,CatBoost,0.12243179521724486,0.6714244101369065
contaminated_v1,CatBoost,0.1254631188952509,0.6755024759685406
contaminated_v1,CatBoost,0.12714718760525429,0.680745703466356
contaminated_v1,CatBoost,0.129504883799259,0.6851150597145353
contaminated_v1,CatBoost,0.13253620747726508,0.6880279638799883
contaminated_v1,CatBoost,0.13573593802627149,0.6923973201281678
contaminated_v1,CatBoost,0.13809363422027618,0.6976405476259832
contaminated_v1,CatBoost,0.14078814415628157,0.7008447422079813
contaminated_v1,CatBoost,0.14398787470528798,0.706379260122342
contaminated_v1,CatBoost,0.14769282586729537,0.7104573259539761
contaminated_v1,CatBoost,0.15072414954530144,0.7142441013690649
contaminated_v1,CatBoost,0.15476591444930954,0.7165744247014273
contaminated_v1,CatBoost,0.15712361064331426,0.7200699096999709
contaminated_v1,CatBoost,0.16082856180532165,0.7238566851150597
contaminated_v1,CatBoost,0.16402829235432806,0.7264782988639674
contaminated_v1,CatBoost,0.16756483664533514,0.7308476551121468
contaminated_v1,CatBoost,0.17261704277534523,0.734925720943781
contaminated_v1,CatBoost,0.17547995958235096,0.7387124963588698
contaminated_v1,CatBoost,0.17800606264735602,0.7436644334401398
contaminated_v1,CatBoost,0.18221623442236443,0.7465773376055928
contaminated_v1,CatBoost,0.18474233748736948,0.7509466938537722
contaminated_v1,CatBoost,0.1871000336813742,0.7538595980192252
contaminated_v1,CatBoost,0.19147861232738295,0.757646373434314
contaminated_v1,CatBoost,0.19585719097339171,0.7605592775997669
contaminated_v1,CatBoost,0.19905692152239812,0.7643460530148558
contaminated_v1,CatBoost,0.20141461771640282,0.76842411884649
contaminated_v1,CatBoost,0.2036039070394072,0.772502184678124
contaminated_v1,CatBoost,0.20697204445941395,0.7765802505097582
contaminated_v1,CatBoost,0.21050858875042103,0.7797844450917565
contaminated_v1,CatBoost,0.21421353991242842,0.7838625109233907
contaminated_v1,CatBoost,0.2182553048164365,0.7876492863384794
contaminated_v1,CatBoost,0.22010778039744022,0.7914360617535683
contaminated_v1,CatBoost,0.2241495453014483,0.7958054180017478
contaminated_v1,CatBoost,0.22852812394745706,0.7987183221672007
contaminated_v1,CatBoost,0.23088582014146178,0.8022138071657442
contaminated_v1,CatBoost,0.23442236443246883,0.806874453830469
contaminated_v1,CatBoost,0.23795890872347591,0.8097873579959219
contaminated_v1,CatBoost,0.24031660491748064,0.8129915525779202
contaminated_v1,CatBoost,0.24317952172448637,0.8159044567433732
contaminated_v1,CatBoost,0.24856854159649713,0.819691232158462
contaminated_v1,CatBoost,0.25193667901650385,0.8234780075735508
contaminated_v1,CatBoost,0.2539575614685079,0.8284299446548209
contaminated_v1,CatBoost,0.25867295385651734,0.832508010486455
contaminated_v1,CatBoost,0.2622094981475244,0.8351296242353626
contaminated_v1,CatBoost,0.26540922869653083,0.8394989804835421
contaminated_v1,CatBoost,0.2684405523745369,0.8427031750655404
contaminated_v1,CatBoost,0.27214550353654426,0.8456160792309932
contaminated_v1,CatBoost,0.27669248905355337,0.8488202738129915
contaminated_v1,CatBoost,0.2809026608285618,0.8534809204777163
contaminated_v1,CatBoost,0.28662849444257327,0.8569764054762599
contaminated_v1,CatBoost,0.29353317615358704,0.8601806000582581
contaminated_v1,CatBoost,0.29757494105759513,0.8636760850568016
contaminated_v1,CatBoost,0.3029639609296059,0.8671715700553452
contaminated_v1,CatBoost,0.30852138767261705,0.8695018933877076
contaminated_v1,CatBoost,0.3128999663186258,0.8724147975531605
contaminated_v1,CatBoost,0.32047827551364094,0.8750364113020681
contaminated_v1,CatBoost,0.3238464129336477,0.8791144771337023
contaminated_v1,CatBoost,0.3297406534186595,0.8814448004660647
contaminated_v1,CatBoost,0.33361401145166725,0.8843577046315176
contaminated_v1,CatBoost,0.3408555069046817,0.8869793183804253
contaminated_v1,CatBoost,0.3450656786796901,0.8898922225458782
contaminated_v1,CatBoost,0.3516335466487033,0.8928051267113312
contaminated_v1,CatBoost,0.3571909733917144,0.8963006117098747
contaminated_v1,CatBoost,0.36039070394072076,0.899504806291873
contaminated_v1,CatBoost,0.3667901650387336,0.9021264200407807
contaminated_v1,CatBoost,0.3747052879757494,0.9056219050393242
contaminated_v1,CatBoost,0.38144156281576286,0.9085348092047771
contaminated_v1,CatBoost,0.38817783765577635,0.9114477133702301
contaminated_v1,CatBoost,0.3925564163017851,0.9140693271191378
contaminated_v1,CatBoost,0.39811384304479625,0.9166909408680455
contaminated_v1,CatBoost,0.4061973728528124,0.919312554616953
contaminated_v1,CatBoost,0.4112495789828225,0.9225167491989513
contaminated_v1,CatBoost,0.418491074435837,0.9254296533644043
contaminated_v1,CatBoost,0.42809026608285616,0.9274686862802214
contaminated_v1,CatBoost,0.43246884472886493,0.930964171278765
contaminated_v1,CatBoost,0.43937352643987876,0.9344596562773084
contaminated_v1,CatBoost,0.44728864937689455,0.9362073987765802
contaminated_v1,CatBoost,0.45402492421690804,0.9388290125254879
contaminated_v1,CatBoost,0.4614348265409229,0.9414506262743956
contaminated_v1,CatBoost,0.46665543954193334,0.9443635304398486
contaminated_v1,CatBoost,0.4792859548669586,0.9464025633556656
contaminated_v1,CatBoost,0.4910744358369821,0.9481503058549374
contaminated_v1,CatBoost,0.5055574267430111,0.9504806291872997
contaminated_v1,CatBoost,0.5139777702930279,0.9533935333527527
contaminated_v1,CatBoost,0.5178511283260357,0.9554325662685698
contaminated_v1,CatBoost,0.5252610306500505,0.9577628896009321
contaminated_v1,CatBoost,0.5377231391040754,0.9600932129332945
contaminated_v1,CatBoost,0.5515325025261031,0.9624235362656569
contaminated_v1,CatBoost,0.5658470865611317,0.9647538595980192
contaminated_v1,CatBoost,0.5759514988211519,0.9667928925138363
contaminated_v1,CatBoost,0.5847086561131695,0.9682493445965628
contaminated_v1,CatBoost,0.5944762546311889,0.9697057966792892
contaminated_v1,CatBoost,0.6062647356012125,0.9711622487620157
contaminated_v1,CatBoost,0.6167059616032334,0.9732012816778328
contaminated_v1,CatBoost,0.6222633883462445,0.9755316050101952
contaminated_v1,CatBoost,0.6342202761872684,0.9769880570929217
contaminated_v1,CatBoost,0.6524082182553048,0.9778619283425576
contaminated_v1,CatBoost,0.658470865611317,0.979318380425284
contaminated_v1,CatBoost,0.6721118221623442,0.9801922516749199
contaminated_v1,CatBoost,0.6788480970023577,0.9822312845907369
contaminated_v1,CatBoost,0.6842371168743685,0.9836877366734634
contaminated_v1,CatBoost,0.6950151566183901,0.9848528983396446
contaminated_v1,CatBoost,0.7071404513304143,0.9860180600058258
contaminated_v1,CatBoost,0.7202761872684406,0.9866006408389164
contaminated_v1,CatBoost,0.7381273155944763,0.9883483833381882
contaminated_v1,CatBoost,0.7460424385314921,0.9892222545878241
contaminated_v1,CatBoost,0.7622094981475244,0.9898048354209147
contaminated_v1,CatBoost,0.7787133715055574,0.99009612583746
contaminated_v1,CatBoost,0.7901650387335803,0.9915525779201865
contaminated_v1,CatBoost,0.801953519703604,0.9927177395863676
contaminated_v1,CatBoost,0.8142472212866285,0.9933003204194581
contaminated_v1,CatBoost,0.8253620747726508,0.994174191669094
contaminated_v1,CatBoost,0.840518693162681,0.9947567725021846
contaminated_v1,CatBoost,0.8632536207477265,0.9950480629187299
contaminated_v1,CatBoost,0.8762209498147524,0.9965045150014564
contaminated_v1,CatBoost,0.8881778376557764,0.9967958054180017
contaminated_v1,CatBoost,0.9078814415628158,0.997087095834547
contaminated_v1,CatBoost,0.9196699225328393,0.9973783862510923
contaminated_v1,CatBoost,0.9321320309868643,0.9985435479172735
contaminated_v1,CatBoost,0.9634557089929269,0.9997087095834547
contaminated_v1,CatBoost,0.9789491411249579,0.9997087095834547
contaminated_v1,CatBoost,1.0,1.0
contaminated_v1,RandomForest,0.0,0.0
contaminated_v1,RandomForest,0.0010104412260020209,0.11214681036993883
contaminated_v1,RandomForest,0.0028629168070057258,0.13894552869210602
contaminated_v1,RandomForest,0.004210171775008421,0.17477424992717738
contaminated_v1,RandomForest,0.006062647356012125,0.19283425575298574
contaminated_v1,RandomForest,0.00740990232401482,0.20652490533061463
contaminated_v1,RandomForest,0.008757157292017514,0.2286629769880571
contaminated_v1,RandomForest,0.010104412260020209,0.23711039906787068
contaminated_v1,RandomForest,0.011451667228022903,0.25342266239440725
contaminated_v1,RandomForest,0.013304142809026608,0.26565685988930965
contaminated_v1,RandomForest,0.01481980464802964,0.27643460530148556
contaminated_v1,RandomForest,0.016167059616032334,0.2947859015438392
contaminated_v1,RandomForest,0.017851128326035703,0.309350422371104
contaminated_v1,RandomForest,0.019366790165038734,0.3230410719487329
contaminated_v1,RandomForest,0.02054563826204109,0.3355665598601806
contaminated_v1,RandomForest,0.02222970697204446,0.35042237110399066
contaminated_v1,RandomForest,0.023913775682047826,0.36527818234780074
contaminated_v1,RandomForest,0.026103065005052207,0.3748907660937955
contaminated_v1,RandomForest,0.028123947457056247,0.386251092339062
contaminated_v1,RandomForest,0.02963960929605928,0.3981939994174192
contaminated_v1,RandomForest,0.03216571236106433,0.40605884066414216
contaminated_v1,RandomForest,0.03351296732906703,0.4095543256626857
contaminated_v1,RandomForest,0.03486022229706972,0.42499271773958636
contaminated_v1,RandomForest,0.037723139104075445,0.43198368773667345
contaminated_v1,RandomForest,0.040417649040080834,0.44013981939994173
contaminated_v1,RandomForest,0.04260693836308521,0.44683949898048353
contaminated_v1,RandomForest,0.04462782081508926,0.45266530731138943
contaminated_v1,RandomForest,0.04614348265409229,0.4587824060588407
contaminated_v1,RandomForest,0.048501178848097,0.4643169239732013
contaminated_v1,RandomForest,0.050185247558100374,0.4713078939702884
contaminated_v1,RandomForest,0.05254294375210509,0.48150305854937375
contaminated_v1,RandomForest,0.05506904681711014,0.48645499563064376
contaminated_v1,RandomForest,0.05708992926911418,0.49198951354500436
contaminated_v1,RandomForest,0.058773997979117545,0.49985435479172735
contaminated_v1,RandomForest,0.061468507915122934,0.5065540343722692
contaminated_v1,RandomForest,0.0631525766251263,0.5176230702009904
contaminated_v1,RandomForest,0.06567867969013136,0.5292746868628022
contaminated_v1,RandomForest,0.06753115527113507,0.5336440431109817
contaminated_v1,RandomForest,0.0695520377231391,0.5420914651907952
contaminated_v1,RandomForest,0.0722465476591445,0.5482085639382465
contaminated_v1,RandomForest,0.07426743011114853,0.5540343722691523
contaminated_v1,RandomForest,0.07611990569215224,0.5584037285173318
contaminated_v1,RandomForest,0.07847760188615696,0.5639382464316924
contaminated_v1,RandomForest,0.08167733243516336,0.5715117972618701
contaminated_v1,RandomForest,0.08403502862916808,0.5770463151762307
contaminated_v1,RandomForest,0.08571909733917144,0.582289542674046
contaminated_v1,RandomForest,0.0882452004041765,0.5860763180891349
contaminated_v1,RandomForest,0.09043448972718086,0.5916108360034955
contaminated_v1,RandomForest,0.09312899966318626,0.598019225167492
contaminated_v1,RandomForest,0.09498147524418997,0.6026798718322167
contaminated_v1,RandomForest,0.09767598518019535,0.608796970579668
contaminated_v1,RandomForest,0.09986527450319974,0.6125837459947567
contaminated_v1,RandomForest,0.10239137756820478,0.6169531022429362
contaminated_v1,RandomForest,0.10441226002020883,0.6210311680745704
contaminated_v1,RandomForest,0.10727517682721455,0.6280221380716574
contaminated_v1,RandomForest,0.10912765240821826,0.6338479464025634
contaminated_v1,RandomForest,0.11131694173122264,0.6376347218176522
contaminated_v1,RandomForest,0.11384304479622769,0.6420040780658316
contaminated_v1,RandomForest,0.11704277534523408,0.6463734343140111
contaminated_v1,RandomForest,0.11923206466823846,0.6527818234780076
contaminated_v1,RandomForest,0.12243179521724486,0.6591902126420041
contaminated_v1,RandomForest,0.12613674637925226,0.6632682784736382
contaminated_v1,RandomForest,0.12883125631525766,0.6696766676376347
contaminated_v1,RandomForest,0.1308521387672617,0.6746286047189047
contaminated_v1,RandomForest,0.13270461434826542,0.6795805418001748
contaminated_v1,RandomForest,0.13506231054227014,0.6830760267987184
contaminated_v1,RandomForest,0.1372515998652745,0.6900669967958054
contaminated_v1,RandomForest,0.14078814415628157,0.6932711913778037
contaminated_v1,RandomForest,0.14331424722128663,0.6973492572094379
contaminated_v1,RandomForest,0.14533512967329068,0.7002621613748907
contaminated_v1,RandomForest,0.14802963960929605,0.703466355956889
contaminated_v1,RandomForest,0.15021892893230043,0.7087095834547044
contaminated_v1,RandomForest,0.15341865948130684,0.7127876492863385
contaminated_v1,RandomForest,0.15527113506231055,0.7159918438683367
contaminated_v1,RandomForest,0.15847086561131693,0.7200699096999709
contaminated_v1,RandomForest,0.16116537554732233,0.7226915234488785
contaminated_v1,RandomForest,0.16352307174132705,0.7264782988639674
contaminated_v1,RandomForest,0.16672280229033345,0.7293912030294203
contaminated_v1,RandomForest,0.17126978780734253,0.7331779784445092
contaminated_v1,RandomForest,0.17531155271135063,0.7360908826099621
contaminated_v1,RandomForest,0.17783765577635569,0.7401689484415963
contaminated_v1,RandomForest,0.18154260693836308,0.7439557238566851
contaminated_v1,RandomForest,0.18491074435836982,0.7474512088552286
contaminated_v1,RandomForest,0.18861569552037724,0.7512379842703175
contaminated_v1,RandomForest,0.1908049848433816,0.7544421788523158
contaminated_v1,RandomForest,0.194004715392388,0.7573550830177687
contaminated_v1,RandomForest,0.19821488716739644,0.7605592775997669
contaminated_v1,RandomForest,0.2030986864264062,0.7646373434314011
contaminated_v1,RandomForest,0.20613001010441226,0.7690066996795806
contaminated_v1,RandomForest,0.20932974065341867,0.772502184678124
contaminated_v1,RandomForest,0.21101380936342204,0.7762889600932129
contaminated_v1,RandomForest,0.2137083192994274,0.7794931546752112
contaminated_v1,RandomForest,0.2185921185584372,0.7832799300903001
contaminated_v1,RandomForest,0.2217918491074436,0.7879405767550247
contaminated_v1,RandomForest,0.22448635904344896,0.7917273521701136
contaminated_v1,RandomForest,0.22768608959245537,0.796096708418293
contaminated_v1,RandomForest,0.2300437857864601,0.8001747742499272
contaminated_v1,RandomForest,0.23358033007746717,0.803961549665016
contaminated_v1,RandomForest,0.23576961940047153,0.8083309059131955
contaminated_v1,RandomForest,0.24031660491748064,0.8144480046606467
contaminated_v1,RandomForest,0.24452677669248907,0.8182347800757355
contaminated_v1,RandomForest,0.24789491411249578,0.8208563938246431
contaminated_v1,RandomForest,0.25109464466150216,0.8240605884066414
contaminated_v1,RandomForest,0.25378915459750756,0.8278473638217303
contaminated_v1,RandomForest,0.2563152576625126,0.8316341392368191
contaminated_v1,RandomForest,0.25917817446951835,0.8342557529857267
contaminated_v1,RandomForest,0.2617042775345234,0.8368773667346344
contaminated_v1,RandomForest,0.2649040080835298,0.8394989804835421
contaminated_v1,RandomForest,0.26911417985853825,0.8429944654820857
contaminated_v1,RandomForest,0.2728191310205456,0.8467812408971744
contaminated_v1,RandomForest,0.2763556753115527,0.8494028546460821
contaminated_v1,RandomForest,0.2809026608285618,0.8526070492280804
contaminated_v1,RandomForest,0.2862916807005726,0.8555199533935334
contaminated_v1,RandomForest,0.2937015830245874,0.8593067288086222
contaminated_v1,RandomForest,0.2974065341865948,0.863093504223711
contaminated_v1,RandomForest,0.30178511283260356,0.8654238275560734
contaminated_v1,RandomForest,0.30751094644661503,0.8680454413049811
contaminated_v1,RandomForest,0.3105422701246211,0.8703757646373435
contaminated_v1,RandomForest,0.3142472212866285,0.8729973783862511
contaminated_v1,RandomForest,0.31778376557763555,0.8756189921351587
contaminated_v1,RandomForest,0.32148871673964297,0.8785318963006117
contaminated_v1,RandomForest,0.3253620747726507,0.8823186717157006
contaminated_v1,RandomForest,0.3315931289996632,0.8846489950480629
contaminated_v1,RandomForest,0.3361401145166723,0.8890183512962424
contaminated_v1,RandomForest,0.33933984506567866,0.8922225458782406
contaminated_v1,RandomForest,0.3450656786796901,0.8948441596271483
contaminated_v1,RandomForest,0.3502862916807006,0.8983396446256918
contaminated_v1,RandomForest,0.35904344897271806,0.9015438392076901
contaminated_v1,RandomForest,0.3640956551027282,0.904456743373143
contaminated_v1,RandomForest,0.36813742000673627,0.9070783571220506
contaminated_v1,RandomForest,0.37841023913775684,0.9096999708709583
contaminated_v1,RandomForest,0.3858201414617716,0.912321584619866
contaminated_v1,RandomForest,0.3925564163017851,0.9146519079522284
contaminated_v1,RandomForest,0.3964297743347929,0.9172735217011361
contaminated_v1,RandomForest,0.4048501178848097,0.9198951354500436
contaminated_v1,RandomForest,0.4085550690468171,0.9225167491989513
contaminated_v1,RandomForest,0.4149545301448299,0.9254296533644043
contaminated_v1,RandomForest,0.418491074435837,0.9286338479464026
contaminated_v1,RandomForest,0.42674301111485347,0.9312554616953103
contaminated_v1,RandomForest,0.43499494779387,0.9344596562773084
contaminated_v1,RandomForest,0.44476254631188955,0.9370812700262161
contaminated_v1,RandomForest,0.4565510272819131,0.9397028837751238
contaminated_v1,RandomForest,0.46311889525092625,0.9420332071074862
contaminated_v1,RandomForest,0.4767598518019535,0.9443635304398486
contaminated_v1,RandomForest,0.4870326709329741,0.9469851441887562
contaminated_v1,RandomForest,0.4937689457729875,0.9490241771045732
contaminated_v1,RandomForest,0.5048837992590097,0.9510632100203903
contaminated_v1,RandomForest,0.5212192657460425,0.9539761141858433
contaminated_v1,RandomForest,0.5277871337150556,0.956597727934751
contaminated_v1,RandomForest,0.5353654429100707,0.958636760850568
contaminated_v1,RandomForest,0.5444594139440889,0.961549665016021
contaminated_v1,RandomForest,0.5559110811721119,0.9638799883483833
contaminated_v1,RandomForest,0.5692152239811384,0.9659190212642004
contaminated_v1,RandomForest,0.5798248568541596,0.968540635013108
contaminated_v1,RandomForest,0.5927921859211855,0.9702883775123798
contaminated_v1,RandomForest,0.6039070394072078,0.9720361200116516
contaminated_v1,RandomForest,0.6148534860222297,0.9740751529274687
contaminated_v1,RandomForest,0.6224317952172449,0.9769880570929217
contaminated_v1,RandomForest,0.644493095318289,0.9796096708418293
contaminated_v1,RandomForest,0.6572920175143145,0.9810661229245558
contaminated_v1,RandomForest,0.6707645671943415,0.9822312845907369
contaminated_v1,RandomForest,0.694509936005389,0.9836877366734634
contaminated_v1,RandomForest,0.7019198383294039,0.9857267695892805
contaminated_v1,RandomForest,0.7164028292354329,0.9866006408389164
contaminated_v1,RandomForest,0.7318962613674638,0.9877658025050976
contaminated_v1,RandomForest,0.7433479285954867,0.9892222545878241
contaminated_v1,RandomForest,0.7561468507915123,0.99009612583746
contaminated_v1,RandomForest,0.7654092286965308,0.9909699970870959
contaminated_v1,RandomForest,0.7815762883125632,0.9921351587532771
contaminated_v1,RandomForest,0.7962276860895925,0.9935916108360034
contaminated_v1,RandomForest,0.8112158976086224,0.9938829012525487
contaminated_v1,RandomForest,0.8310879083866621,0.9944654820856393
contaminated_v1,RandomForest,0.8546648703267093,0.9956306437518205
contaminated_v1,RandomForest,0.8856517345907713,0.9962132245849111
contaminated_v1,RandomForest,0.8991242842707983,0.997087095834547
contaminated_v1,RandomForest,0.918996295048838,0.9973783862510923
contaminated_v1,RandomForest,0.9427416638598854,0.9973783862510923
contaminated_v1,RandomForest,0.9605927921859212,0.9979609670841829
contaminated_v1,RandomForest,0.9806332098349613,0.9994174191669094
contaminated_v1,RandomForest,1.0,1.0
leakfree,XGBoost,0.0,0.0
leakfree,XGBoost,0.0010104412260020209,0.04777162831342849
leakfree,XGBoost,0.002694509936005389,0.06641421497232741
leakfree,XGBoost,0.004715392388009431,0.08360034954849986
leakfree,XGBoost,0.006736274840013472,0.09758228954267405
leakfree,XGBoost,0.009936005389019871,0.11564229536848238
leakfree,XGBoost,0.012798922196025598,0.13341101077774542
leakfree,XGBoost,0.01532502526103065,0.15846198660064084
leakfree,XGBoost,0.01734590771303469,0.17244392659481503
leakfree,XGBoost,0.019872010778039743,0.18322167200699097
leakfree,XGBoost,0.02222970697204446,0.19778619283425575
leakfree,XGBoost,0.024082182553048163,0.20914651907952228
leakfree,XGBoost,0.026103065005052207,0.21817652199242646
leakfree,XGBoost,0.02846076119905692,0.2283716865715118
leakfree,XGBoost,0.03199730549006399,0.23652781823478009
leakfree,XGBoost,0.03469181542606938,0.24497524031459364
leakfree,XGBoost,0.037217918491074434,0.2557529857267696
leakfree,XGBoost,0.0402492421690805,0.26594815030585495
leakfree,XGBoost,0.042438531492084874,0.27730847655112145
leakfree,XGBoost,0.04513304142809026,0.28342557529857265
leakfree,XGBoost,0.047490737622094985,0.29245557821147683
leakfree,XGBoost,0.05119568878410239,0.2994465482085639
leakfree,XGBoost,0.05321657123610643,0.3076026798718322
leakfree,XGBoost,0.055405860559110814,0.3154675211185552
leakfree,XGBoost,0.05708992926911418,0.3242062336149141
leakfree,XGBoost,0.06096328730212193,0.33440139819399944
leakfree,XGBoost,0.06348939036712697,0.35013108068744536
leakfree,XGBoost,0.06567867969013136,0.35712205068453245
leakfree,XGBoost,0.06854159649713708,0.36440431109816485
leakfree,XGBoost,0.07106769956214214,0.37139528109525194
leakfree,XGBoost,0.07393061636914786,0.37896883192542963
leakfree,XGBoost,0.07645671943415291,0.3879988348383338
leakfree,XGBoost,0.07965644998315931,0.3946985144188756
leakfree,XGBoost,0.0823509599191647,0.40547625983105157
leakfree,XGBoost,0.0855506904681711,0.41450626274395574
leakfree,XGBoost,0.08807679353317616,0.42382755607340517
leakfree,XGBoost,0.09026608285618053,0.43140110690358285
leakfree,XGBoost,0.09228696530818457,0.4369356248179435
leakfree,XGBoost,0.0956551027281913,0.4424701427323041
leakfree,XGBoost,0.09885483327719771,0.4477133702301194
leakfree,XGBoost,0.10053890198720108,0.4541217593941159
leakfree,XGBoost,0.10373863253620748,0.459073696475386
leakfree,XGBoost,0.10727517682721455,0.4637343431401107
leakfree,XGBoost,0.11199056921522398,0.4692688610544713
leakfree,XGBoost,0.11519029976423038,0.4753859598019225
leakfree,XGBoost,0.11855843718423711,0.48121176813282845
leakfree,XGBoost,0.12108454024924217,0.489659190212642
leakfree,XGBoost,0.12377905018524755,0.49577628896009324
leakfree,XGBoost,0.12832603570225665,0.5010195164579085
leakfree,XGBoost,0.13135735938026272,0.5048062918729974
leakfree,XGBoost,0.13523071741327047,0.5091756481211768
leakfree,XGBoost,0.13843044796227685,0.5141275852024468
leakfree,XGBoost,0.14061973728528124,0.5217011360326246
leakfree,XGBoost,0.14331424722128663,0.5263617826973492
leakfree,XGBoost,0.1468507915122937,0.5313137197786193
leakfree,XGBoost,0.15021892893230043,0.5371395281095251
leakfree,XGBoost,0.15341865948130684,0.5426740460238858
leakfree,XGBoost,0.15762883125631524,0.5470434022720653
leakfree,XGBoost,0.16133378241832266,0.5514127585202447
leakfree,XGBoost,0.16520714045133042,0.5572385668511506
leakfree,XGBoost,0.1689120916133378,0.5613166326827848
leakfree,XGBoost,0.17345907713034692,0.5674337314302359
leakfree,XGBoost,0.17783765577635569,0.5715117972618701
leakfree,XGBoost,0.18086897945436173,0.5770463151762307
leakfree,XGBoost,0.18507915122937016,0.580250509758229
leakfree,XGBoost,0.18861569552037724,0.5854937372560443
leakfree,XGBoost,0.1926574604243853,0.5913195455869502
leakfree,XGBoost,0.19568878410239138,0.5965627730847655
leakfree,XGBoost,0.19872010778039745,0.6026798718322167
leakfree,XGBoost,0.2022566520714045,0.6082143897465774
leakfree,XGBoost,0.20646682384641293,0.6154966501602097
leakfree,XGBoost,0.209498147524419,0.621613748907661
leakfree,XGBoost,0.21269787807342538,0.6259831051558403
leakfree,XGBoost,0.21539238800943078,0.6312263326536557
leakfree,XGBoost,0.21842371168743685,0.636469560151471
leakfree,XGBoost,0.22364432468844728,0.6408389163996504
leakfree,XGBoost,0.2300437857864601,0.6449169822312846
leakfree,XGBoost,0.23408555069046816,0.6507427905621905
leakfree,XGBoost,0.23795890872347591,0.6556947276434605
leakfree,XGBoost,0.24216908049848435,0.66006408389164
leakfree,XGBoost,0.2457056247894914,0.66501602097291
leakfree,XGBoost,0.24907376220949815,0.6702592484707253
leakfree,XGBoost,0.2526103065005052,0.6763763472181765
leakfree,XGBoost,0.2558100370495116,0.6839498980483542
leakfree,XGBoost,0.26103065005052206,0.687736673463443
leakfree,XGBoost,0.26507241495453016,0.6923973201281678
leakfree,XGBoost,0.26827214550353656,0.6973492572094379
leakfree,XGBoost,0.2736611653755473,0.7011360326245266
leakfree,XGBoost,0.2768608959245537,0.7055053888727061
leakfree,XGBoost,0.28157628831256315,0.7084182930381591
leakfree,XGBoost,0.28646008757157293,0.7124963588697932
leakfree,XGBoost,0.29016503873358035,0.7159918438683367
leakfree,XGBoost,0.2947120242505894,0.7197786192834256
leakfree,XGBoost,0.30043785786460087,0.7235653946985144
leakfree,XGBoost,0.3029639609296059,0.7273521701136033
leakfree,XGBoost,0.30717413270461436,0.732012816778328
leakfree,XGBoost,0.31071067699562144,0.7372560442761433
leakfree,XGBoost,0.3184573930616369,0.7416254005243228
leakfree,XGBoost,0.323004378578646,0.7451208855228663
leakfree,XGBoost,0.3265409228696531,0.7491989513545004
leakfree,XGBoost,0.3312563152576625,0.7524031459364987
leakfree,XGBoost,0.3373189626136746,0.7561899213515876
leakfree,XGBoost,0.34253957561468507,0.7608505680163122
leakfree,XGBoost,0.3489390367126979,0.7652199242644917
leakfree,XGBoost,0.3543280565847087,0.7690066996795806
leakfree,XGBoost,0.35954866958571907,0.7730847655112146
leakfree,XGBoost,0.3646008757157292,0.7780367025924847
leakfree,XGBoost,0.36847423374873695,0.7818234780075736
leakfree,XGBoost,0.3755473223307511,0.7859015438392077
leakfree,XGBoost,0.38093634220276185,0.7888144480046606
leakfree,XGBoost,0.3883462445267767,0.7917273521701136
leakfree,XGBoost,0.39491411249578984,0.7943489659190213
leakfree,XGBoost,0.3982822499157966,0.7984270317506554
leakfree,XGBoost,0.40249242169080496,0.8022138071657442
leakfree,XGBoost,0.4099023240148198,0.8062918729973784
leakfree,XGBoost,0.41512293701583025,0.8100786484124672
leakfree,XGBoost,0.4198383294038397,0.8144480046606467
leakfree,XGBoost,0.42320646682384644,0.819691232158462
leakfree,XGBoost,0.4279218592118558,0.8226041363239149
leakfree,XGBoost,0.43297406534186594,0.8258083309059132
leakfree,XGBoost,0.4400471539238801,0.8293038159044568
leakfree,XGBoost,0.4466150218928932,0.832508010486455
leakfree,XGBoost,0.4528460761199057,0.8368773667346344
leakfree,XGBoost,0.45857190973391715,0.8400815613166327
leakfree,XGBoost,0.46396092960592794,0.8438683367317216
leakfree,XGBoost,0.469013135735938,0.8470725313137197
leakfree,XGBoost,0.4757494105759515,0.8511505971453539
leakfree,XGBoost,0.48198046480296397,0.8555199533935334
leakfree,XGBoost,0.4883799259009768,0.8584328575589864
leakfree,XGBoost,0.4949477938699899,0.8613457617244392
leakfree,XGBoost,0.5031997305490064,0.8648412467229828
leakfree,XGBoost,0.5075783091950151,0.8683367317215264
leakfree,XGBoost,0.5139777702930279,0.870958345470434
leakfree,XGBoost,0.5197036039070394,0.8744538304689776
leakfree,XGBoost,0.5257662512630515,0.8776580250509758
leakfree,XGBoost,0.5313236780060626,0.8823186717157006
leakfree,XGBoost,0.5407544627820815,0.8861054471307894
leakfree,XGBoost,0.5476591444930953,0.8884357704631518
leakfree,XGBoost,0.5543954193331088,0.8919312554616953
leakfree,XGBoost,0.5604580666891209,0.8957180308767841
leakfree,XGBoost,0.5692152239811384,0.8977570637926012
leakfree,XGBoost,0.5751094644661502,0.9009612583745995
leakfree,XGBoost,0.5833614011451668,0.9030002912904166
leakfree,XGBoost,0.5894240485011788,0.9050393242062336
leakfree,XGBoost,0.5993600538901988,0.9082435187882318
leakfree,XGBoost,0.6071067699562143,0.9117390037867754
leakfree,XGBoost,0.6133378241832267,0.915234488785319
leakfree,XGBoost,0.6183900303132368,0.9196038450334983
leakfree,XGBoost,0.6261367463792523,0.922225458782406
leakfree,XGBoost,0.6337150555742674,0.9254296533644043
leakfree,XGBoost,0.6406197372852812,0.928051267113312
leakfree,XGBoost,0.6522398113843044,0.9300903000291291
leakfree,XGBoost,0.660491748063321,0.9335857850276726
leakfree,XGBoost,0.6668912091613338,0.9364986891931255
leakfree,XGBoost,0.6749747389693499,0.9402854646082144
leakfree,XGBoost,0.6862579993263725,0.9434896591902127
leakfree,XGBoost,0.696025597844392,0.945819982522575
leakfree,XGBoost,0.6995621421353991,0.9493154675211185
leakfree,XGBoost,0.7076456719434153,0.9525196621031168
leakfree,XGBoost,0.7147187605254295,0.9560151471016604
leakfree,XGBoost,0.7214550353654429,0.9580541800174774
leakfree,XGBoost,0.7280229033344561,0.9603845033498398
leakfree,XGBoost,0.7361064331424723,0.9630061170987475
leakfree,XGBoost,0.7478949141124958,0.9650451500145645
leakfree,XGBoost,0.7618726844055237,0.9679580541800175
leakfree,XGBoost,0.7709666554395419,0.9708709583454704
leakfree,XGBoost,0.7785449646345571,0.9734925720943781
leakfree,XGBoost,0.788480970023577,0.9764054762598311
leakfree,XGBoost,0.7989221960255979,0.979318380425284
leakfree,XGBoost,0.8140788144156281,0.9810661229245558
leakfree,XGBoost,0.8246884472886494,0.9839790270900087
leakfree,XGBoost,0.8336140114516672,0.9863093504223711
leakfree,XGBoost,0.8509599191647019,0.9880570929216429
leakfree,XGBoost,0.8743684742337487,0.9895135450043694
leakfree,XGBoost,0.886998989558774,0.9915525779201865
leakfree,XGBoost,0.8967665880767935,0.9924264491698224
leakfree,XGBoost,0.921017177500842,0.994174191669094
leakfree,XGBoost,0.935500168406871,0.9973783862510923
leakfree,XGBoost,0.9654765914449309,0.9991261287503641
leakfree,XGBoost,1.0,1.0
leakfree,LightGBM,0.0,0.0
leakfree,LightGBM,0.0015156618390030313,0.040780658316341395
leakfree,LightGBM,0.003368137420006736,0.06379260122341975
leakfree,LightGBM,0.004883799259009768,0.07544421788523158
leakfree,LightGBM,0.006399461098012799,0.0943780949606758
leakfree,LightGBM,0.008757157292017514,0.11709874745120885
leakfree,LightGBM,0.010272819131020546,0.12612875036411303
leakfree,LightGBM,0.012967329067025935,0.13748907660937956
leakfree,LightGBM,0.01481980464802964,0.15234488785318964
leakfree,LightGBM,0.016840687100033683,0.1622487620157297
leakfree,LightGBM,0.018693162681037385,0.17390037867754152
leakfree,LightGBM,0.02071404513304143,0.18351296242353626
leakfree,LightGBM,0.02256652071404513,0.19137780367025925
leakfree,LightGBM,0.0242505894240485,0.20769006699679582
leakfree,LightGBM,0.02643987874705288,0.21642877949315467
leakfree,LightGBM,0.028123947457056247,0.2283716865715118
leakfree,LightGBM,0.030481643651060965,0.2353626565685989
leakfree,LightGBM,0.033007746716066017,0.24264491698223128
leakfree,LightGBM,0.035702256652071405,0.25342266239440725
leakfree,LightGBM,0.03789154597507578,0.26070492280803964
leakfree,LightGBM,0.0402492421690805,0.26886105447130787
leakfree,LightGBM,0.04260693836308521,0.27818234780075735
leakfree,LightGBM,0.04462782081508926,0.2901252548791145
leakfree,LightGBM,0.04782755136409565,0.2991552577920186
leakfree,LightGBM,0.050185247558100374,0.3113894552869211
leakfree,LightGBM,0.054058605591108116,0.3166326827847364
leakfree,LightGBM,0.056247894914112494,0.3218759102825517
leakfree,LightGBM,0.059952846076119906,0.3297407515292747
leakfree,LightGBM,0.06332098349612664,0.33673172152636177
leakfree,LightGBM,0.0658470865611317,0.34780075735508303
leakfree,LightGBM,0.06786796901313574,0.3565394698514419
leakfree,LightGBM,0.07005725833614011,0.3626565685988931
leakfree,LightGBM,0.07308858201414618,0.37139528109525194
leakfree,LightGBM,0.07544627820815089,0.3778036702592485
leakfree,LightGBM,0.0786460087571573,0.3859598019225168
leakfree,LightGBM,0.08117211182216234,0.3949898048354209
leakfree,LightGBM,0.08470865611316941,0.4013981939994174
leakfree,LightGBM,0.08773997979117548,0.41130206816195747
leakfree,LightGBM,0.09026608285618053,0.41887561899213516
leakfree,LightGBM,0.09296059279218592,0.42499271773958636
leakfree,LightGBM,0.09632873021219265,0.43140110690358285
leakfree,LightGBM,0.09986527450319974,0.43839207690066995
leakfree,LightGBM,0.10222297069720444,0.44683949898048353
leakfree,LightGBM,0.10592792185921186,0.45237401689484413
leakfree,LightGBM,0.10862243179521724,0.4605301485581124
leakfree,LightGBM,0.11182216234422364,0.4686862802213807
leakfree,LightGBM,0.11552711350623106,0.47392950771919606
leakfree,LightGBM,0.1180532165712361,0.4820856393824643
leakfree,LightGBM,0.12125294712024251,0.48849402854646085
leakfree,LightGBM,0.12495789828224992,0.49548499854354794
leakfree,LightGBM,0.12916807005725833,0.5018933877075444
leakfree,LightGBM,0.13320983496126643,0.5085930672880862
leakfree,LightGBM,0.13843044796227685,0.5150014564520827
leakfree,LightGBM,0.14432468844728866,0.521118555199534
leakfree,LightGBM,0.14752441899629504,0.5284008156131663
leakfree,LightGBM,0.15122937015830246,0.5321875910282552
leakfree,LightGBM,0.15442910070730886,0.5403437226915234
leakfree,LightGBM,0.15762883125631524,0.5452956597727935
leakfree,LightGBM,0.1623442236443247,0.5487911447713371
leakfree,LightGBM,0.16537554732233076,0.5543256626856976
leakfree,LightGBM,0.16857527787133714,0.5604427614331489
leakfree,LightGBM,0.1737958908723476,0.5651034080978736
leakfree,LightGBM,0.17665880767935332,0.5741334110107777
leakfree,LightGBM,0.18221623442236443,0.580250509758229
leakfree,LightGBM,0.18693162681037387,0.5875327701718613
leakfree,LightGBM,0.19198383294038396,0.5921934168365861
leakfree,LightGBM,0.1966992253283934,0.5956889018351296
leakfree,LightGBM,0.20124621084540248,0.6009321293329449
leakfree,LightGBM,0.2054563826204109,0.6067579376638509
leakfree,LightGBM,0.21017177500842035,0.6120011651616661
leakfree,LightGBM,0.21421353991242842,0.6163705214098456
leakfree,LightGBM,0.2196025597844392,0.6207398776580251
leakfree,LightGBM,0.22347591781744694,0.6262743955723856
leakfree,LightGBM,0.22718086897945436,0.6309350422371104
leakfree,LightGBM,0.2300437857864601,0.6350131080687446
leakfree,LightGBM,0.23290670259346583,0.6411302068161957
leakfree,LightGBM,0.23981138430447962,0.6454995630643752
leakfree,LightGBM,0.24385314920848772,0.6504515001456452
leakfree,LightGBM,0.24738969349949477,0.6556947276434605
leakfree,LightGBM,0.2531155271135062,0.6612292455578211
leakfree,LightGBM,0.2549680026945099,0.6676376347218177
leakfree,LightGBM,0.25833614011451667,0.672880862219633
leakfree,LightGBM,0.26237790501852476,0.6781240897174483
leakfree,LightGBM,0.26641966992253285,0.6822021555490825
leakfree,LightGBM,0.27130346918154263,0.6868628022138071
leakfree,LightGBM,0.27500842034355,0.6909408680454413
leakfree,LightGBM,0.2787133715055574,0.6961840955432567
leakfree,LightGBM,0.2822499157965645,0.6996795805418001
leakfree,LightGBM,0.28696530818457394,0.703466355956889
leakfree,LightGBM,0.2908386662175817,0.7078357122050685
leakfree,LightGBM,0.29589087234759176,0.7119137780367026
leakfree,LightGBM,0.30212192657460424,0.7159918438683367
leakfree,LightGBM,0.3073425395756147,0.7203612001165162
leakfree,LightGBM,0.3115527113506231,0.7244392659481503
leakfree,LightGBM,0.3150892556416302,0.7282260413632391
leakfree,LightGBM,0.31997305490063993,0.7314302359452374
leakfree,LightGBM,0.32367800606264735,0.7343431401106904
leakfree,LightGBM,0.3297406534186595,0.7390037867754151
leakfree,LightGBM,0.33361401145166725,0.7445383046897757
leakfree,LightGBM,0.33681374200067365,0.749781532187591
leakfree,LightGBM,0.3430447962276861,0.7538595980192252
leakfree,LightGBM,0.3486022229706972,0.7570637926012235
leakfree,LightGBM,0.35146513977770294,0.7614331488494028
leakfree,LightGBM,0.35651734590771306,0.7652199242644917
leakfree,LightGBM,0.36072751768272143,0.7687154092630353
leakfree,LightGBM,0.36628494442573256,0.7727934750946693
leakfree,LightGBM,0.37352643987874706,0.7759976696766676
leakfree,LightGBM,0.37891545975075785,0.7792018642586659
leakfree,LightGBM,0.38464129336476927,0.7844450917564812
leakfree,LightGBM,0.38817783765577635,0.7893970288377512
leakfree,LightGBM,0.39188278881778377,0.7943489659190213
leakfree,LightGBM,0.3964297743347929,0.7993009030002913
leakfree,LightGBM,0.40131357359380265,0.8042528400815613
leakfree,LightGBM,0.40973391714381946,0.8074570346635596
leakfree,LightGBM,0.4163017851128326,0.8103699388290125
leakfree,LightGBM,0.4221960255978444,0.8141567142441014
leakfree,LightGBM,0.4279218592118558,0.8176521992426449
leakfree,LightGBM,0.4346581340518693,0.8202738129915526
leakfree,LightGBM,0.44206803637588415,0.8228954267404602
leakfree,LightGBM,0.44728864937689455,0.8269734925720944
leakfree,LightGBM,0.4541933310879084,0.8298863967375474
leakfree,LightGBM,0.45991916470191985,0.8333818817360908
leakfree,LightGBM,0.46497137083192996,0.8365860763180891
leakfree,LightGBM,0.46918154260693834,0.8409554325662686
leakfree,LightGBM,0.47423374873694846,0.8444509175648122
leakfree,LightGBM,0.47962276860895925,0.8491115642295368
leakfree,LightGBM,0.48686426406197375,0.8526070492280804
leakfree,LightGBM,0.49612664196699224,0.8552286629769881
leakfree,LightGBM,0.5018524755810037,0.8587241479755316
leakfree,LightGBM,0.5079151229370158,0.8616370521409845
leakfree,LightGBM,0.5138093634220277,0.8657151179726187
leakfree,LightGBM,0.5197036039070394,0.8677541508884358
leakfree,LightGBM,0.5242505894240485,0.8718322167200699
leakfree,LightGBM,0.5311552711350623,0.875910282551704
leakfree,LightGBM,0.5373863253620748,0.8794057675502476
leakfree,LightGBM,0.5427753452340855,0.8829012525487911
leakfree,LightGBM,0.5478275513640957,0.88668802796388
leakfree,LightGBM,0.5527113506231054,0.8907660937955141
leakfree,LightGBM,0.5586055911081172,0.8939702883775124
leakfree,LightGBM,0.5661839003031324,0.8968831925429653
leakfree,LightGBM,0.5735938026271472,0.9006699679580542
leakfree,LightGBM,0.5830245874031661,0.904456743373143
leakfree,LightGBM,0.5890872347591781,0.9076609379551412
leakfree,LightGBM,0.5956551027281913,0.9102825517040489
leakfree,LightGBM,0.6052542943752105,0.9140693271191378
leakfree,LightGBM,0.6123273829572247,0.9169822312845908
leakfree,LightGBM,0.6180532165712361,0.9196038450334983
leakfree,LightGBM,0.6246210845402492,0.9236819108651325
leakfree,LightGBM,0.6333782418322668,0.9265948150305855
leakfree,LightGBM,0.6394408891882789,0.9300903000291291
leakfree,LightGBM,0.6492084877062985,0.9327119137780367
leakfree,LightGBM,0.6549343213203098,0.9362073987765802
leakfree,LightGBM,0.6608285618053217,0.9391203029420332
leakfree,LightGBM,0.6709329740653419,0.9426157879405768
leakfree,LightGBM,0.6769956214213539,0.9449461112729391
leakfree,LightGBM,0.6896261367463793,0.9484415962714827
leakfree,LightGBM,0.6977096665543954,0.9501893387707544
leakfree,LightGBM,0.7073088582014146,0.9533935333527527
leakfree,LightGBM,0.7238127315594476,0.9545586950189339
leakfree,LightGBM,0.7340855506904682,0.9568890183512962
leakfree,LightGBM,0.743516335466487,0.9592193416836586
leakfree,LightGBM,0.7537891545975076,0.9612583745994757
leakfree,LightGBM,0.7611990569215223,0.9641712787649286
leakfree,LightGBM,0.7687773661165376,0.9673754733469269
leakfree,LightGBM,0.7825867295385652,0.9702883775123798
leakfree,LightGBM,0.7958908723475918,0.9720361200116516
leakfree,LightGBM,0.8033007746716067,0.974366443344014
leakfree,LightGBM,0.8123947457056248,0.9769880570929217
leakfree,LightGBM,0.8167733243516335,0.9796096708418293
leakfree,LightGBM,0.8275513640956551,0.9822312845907369
leakfree,LightGBM,0.838497810710677,0.9839790270900087
leakfree,LightGBM,0.8533176153587066,0.9866006408389164
leakfree,LightGBM,0.867463792522735,0.9880570929216429
leakfree,LightGBM,0.8795890872347591,0.9903874162540053
leakfree,LightGBM,0.886998989558774,0.9915525779201865
leakfree,LightGBM,0.9011451667228023,0.9927177395863676
leakfree,LightGBM,0.9269114179858539,0.9944654820856393
leakfree,LightGBM,0.9493095318288987,0.997087095834547
leakfree,LightGBM,0.9742337487369485,0.9988348383338188
leakfree,LightGBM,1.0,1.0
leakfree,CatBoost,0.0,0.0
leakfree,CatBoost,0.001684068710003368,0.03408097873579959
leakfree,CatBoost,0.0031997305490063994,0.05214098456160792
leakfree,CatBoost,0.004378578646008757,0.07923099330032042
leakfree,CatBoost,0.006736274840013472,0.09583454704340227
leakfree,CatBoost,0.009599191647019199,0.11972036120011652
leakfree,CatBoost,0.011956887841023913,0.13486746286047188
leakfree,CatBoost,0.014651397777029302,0.1482668220215555
leakfree,CatBoost,0.016840687100033683,0.16254005243227498
leakfree,CatBoost,0.01902997642303806,0.17681328284299447
leakfree,CatBoost,0.021219265746042437,0.18467812408971745
leakfree,CatBoost,0.023408555069046818,0.1939994174191669
leakfree,CatBoost,0.026271471876052544,0.20390329158170697
leakfree,CatBoost,0.02913438868305827,0.21235071366152053
leakfree,CatBoost,0.031323678006062644,0.22429362073987766
leakfree,CatBoost,0.03486022229706972,0.23157588115351005
leakfree,CatBoost,0.037049511620074096,0.24264491698223128
leakfree,CatBoost,0.03991242842707982,0.25750072822604136
leakfree,CatBoost,0.04260693836308521,0.26536556947276435
leakfree,CatBoost,0.04513304142809026,0.27206524905330615
leakfree,CatBoost,0.047490737622094985,0.28459073696475384
leakfree,CatBoost,0.05052206130010104,0.29216428779493153
leakfree,CatBoost,0.05304816436510609,0.3035246140401981
leakfree,CatBoost,0.05641630178511283,0.312263326536557
leakfree,CatBoost,0.058773997979117545,0.3201281677832799
leakfree,CatBoost,0.06281576288312563,0.32537139528109527
leakfree,CatBoost,0.06567867969013136,0.33411010777745415
leakfree,CatBoost,0.06803637588413607,0.33906204485872415
leakfree,CatBoost,0.07123610643314247,0.34721817652199244
leakfree,CatBoost,0.07376220949814752,0.3553743081852607
leakfree,CatBoost,0.07561468507915123,0.36032624526653073
leakfree,CatBoost,0.07830919501515662,0.36673463443052723
leakfree,CatBoost,0.080498484338161,0.3737256044276143
leakfree,CatBoost,0.08336140114516673,0.3801339935916108
leakfree,CatBoost,0.08706635230717413,0.3874162540052432
leakfree,CatBoost,0.09026608285618053,0.3938246431692397
leakfree,CatBoost,0.09346581340518693,0.39935916108360037
leakfree,CatBoost,0.09666554395419333,0.4095543256626857
leakfree,CatBoost,0.0996968676321994,0.41421497232741045
leakfree,CatBoost,0.1020545638262041,0.42120594232449754
leakfree,CatBoost,0.10643314247221286,0.42732304107194874
leakfree,CatBoost,0.11064331424722129,0.43460530148558113
leakfree,CatBoost,0.11367463792522735,0.43984852898339644
leakfree,CatBoost,0.11990569215223981,0.44829595106321
leakfree,CatBoost,0.1226002020882452,0.4555782114768424
leakfree,CatBoost,0.1263051532502526,0.4616953102242936
leakfree,CatBoost,0.12967329067025934,0.4678124089717448
leakfree,CatBoost,0.13287302121926575,0.4745120885522866
leakfree,CatBoost,0.1364095655102728,0.48150305854937375
leakfree,CatBoost,0.14078814415628157,0.48762015729682495
leakfree,CatBoost,0.14617716402829237,0.49315467521118556
leakfree,CatBoost,0.1492084877062984,0.49752403145936497
leakfree,CatBoost,0.15392388009430785,0.5056801631226333
leakfree,CatBoost,0.15762883125631524,0.5100495193708127
leakfree,CatBoost,0.160996968676322,0.5141275852024468
leakfree,CatBoost,0.16571236106433143,0.5193708127002622
leakfree,CatBoost,0.16958571909733916,0.5257792018642586
leakfree,CatBoost,0.1737958908723476,0.5292746868628022
leakfree,CatBoost,0.17682721455035366,0.5348092047771629
leakfree,CatBoost,0.17969013135735937,0.5394698514418875
leakfree,CatBoost,0.1833950825193668,0.5464608214389747
leakfree,CatBoost,0.18861569552037724,0.5546169531022429
leakfree,CatBoost,0.19181542606938362,0.562481794348966
leakfree,CatBoost,0.1961940047153924,0.5674337314302359
leakfree,CatBoost,0.20040417649040082,0.5718030876784154
leakfree,CatBoost,0.20579319636241158,0.5761724439265948
leakfree,CatBoost,0.21000336813742002,0.5814156714244101
leakfree,CatBoost,0.21303469181542606,0.5863676085056801
leakfree,CatBoost,0.21623442236443247,0.5898630935042237
leakfree,CatBoost,0.21892893230043786,0.5953976114185844
leakfree,CatBoost,0.22246547659144494,0.6006408389163996
leakfree,CatBoost,0.225496800269451,0.6053014855811244
leakfree,CatBoost,0.23088582014146178,0.6114185843285755
leakfree,CatBoost,0.23644324688447288,0.6184095543256627
leakfree,CatBoost,0.24132704614348266,0.6233614914069328
leakfree,CatBoost,0.24452677669248907,0.6280221380716574
leakfree,CatBoost,0.24991579656449983,0.6326827847363822
leakfree,CatBoost,0.25378915459750756,0.6387998834838334
leakfree,CatBoost,0.258504546985517,0.6431692397320128
leakfree,CatBoost,0.2633883462445268,0.6469560151471017
leakfree,CatBoost,0.2662512630515325,0.6513253713952811
leakfree,CatBoost,0.2694509936005389,0.6559860180600058
leakfree,CatBoost,0.27500842034355,0.6609379551412758
leakfree,CatBoost,0.2787133715055574,0.6658898922225459
leakfree,CatBoost,0.2817446951835635,0.6708418293038159
leakfree,CatBoost,0.2886493768945773,0.6757937663850859
leakfree,CatBoost,0.2930279555405861,0.6816195747159919
leakfree,CatBoost,0.2979117547995958,0.6874453830468977
leakfree,CatBoost,0.30582687773661166,0.6915234488785319
leakfree,CatBoost,0.3108790838666218,0.6970579667928926
leakfree,CatBoost,0.3154260693836308,0.700553451791436
leakfree,CatBoost,0.32047827551364094,0.7040489367899796
leakfree,CatBoost,0.324014819804648,0.7069618409554326
leakfree,CatBoost,0.32822499157965646,0.7139528109525196
leakfree,CatBoost,0.33580330077467163,0.7194873288668803
leakfree,CatBoost,0.3386662175816773,0.7247305563646956
leakfree,CatBoost,0.34287638935668574,0.7299737838625109
leakfree,CatBoost,0.34691815426069383,0.7366734634430527
leakfree,CatBoost,0.3512967329067026,0.7416254005243228
leakfree,CatBoost,0.3566857527787134,0.744829595106321
leakfree,CatBoost,0.3610643314247221,0.749781532187591
leakfree,CatBoost,0.36577972381273155,0.7550247596854064
leakfree,CatBoost,0.3718423711687437,0.7591028255170404
leakfree,CatBoost,0.37622094981475246,0.7631808913486746
leakfree,CatBoost,0.3807679353317615,0.7669676667637635
leakfree,CatBoost,0.38447288649376893,0.7710457325953977
leakfree,CatBoost,0.38952509262377905,0.7757063792601223
leakfree,CatBoost,0.3950825193667902,0.7794931546752112
leakfree,CatBoost,0.39912428427079827,0.784153801339936
leakfree,CatBoost,0.40788144156281575,0.7879405767550247
leakfree,CatBoost,0.4112495789828225,0.7923099330032042
leakfree,CatBoost,0.4149545301448299,0.796096708418293
leakfree,CatBoost,0.4181542606938363,0.799009612583746
leakfree,CatBoost,0.4227012462108454,0.8030876784153801
leakfree,CatBoost,0.42657460424385313,0.8106612292455578
leakfree,CatBoost,0.4317952172448636,0.8135741334110108
leakfree,CatBoost,0.436510609632873,0.8179434896591902
leakfree,CatBoost,0.4445941394408892,0.8208563938246431
leakfree,CatBoost,0.44914112495789826,0.8243518788231867
leakfree,CatBoost,0.4538565173459077,0.827556073405185
leakfree,CatBoost,0.4602559784439205,0.8298863967375474
leakfree,CatBoost,0.4651397777029303,0.8327993009030003
leakfree,CatBoost,0.4698551700909397,0.8383338188173609
leakfree,CatBoost,0.4752441899629505,0.8418293038159045
leakfree,CatBoost,0.482485685415965,0.8450334983979028
leakfree,CatBoost,0.4880431121589761,0.8482376929799009
leakfree,CatBoost,0.49343213203098685,0.8514418875618992
leakfree,CatBoost,0.5016840687100034,0.8543547917273522
leakfree,CatBoost,0.5079151229370158,0.8572676958928052
leakfree,CatBoost,0.5138093634220277,0.8616370521409845
leakfree,CatBoost,0.5217244863590434,0.8654238275560734
leakfree,CatBoost,0.5276187268440552,0.8680454413049811
leakfree,CatBoost,0.534018187942068,0.870958345470434
leakfree,CatBoost,0.5419333108790839,0.8750364113020681
leakfree,CatBoost,0.5459750757830919,0.8779493154675211
leakfree,CatBoost,0.5522061300101044,0.8808622196329741
leakfree,CatBoost,0.5579319636241159,0.8849402854646082
leakfree,CatBoost,0.566015493432132,0.8878531896300612
leakfree,CatBoost,0.5722465476591445,0.89163996504515
leakfree,CatBoost,0.5771303469181542,0.8939702883775124
leakfree,CatBoost,0.5847086561131695,0.8971744829595106
leakfree,CatBoost,0.5907713034691815,0.8997960967084183
leakfree,CatBoost,0.5966655439541934,0.9027090008738713
leakfree,CatBoost,0.6054227012462109,0.9059131954558695
leakfree,CatBoost,0.615527113506231,0.9085348092047771
leakfree,CatBoost,0.6215897608622432,0.9117390037867754
leakfree,CatBoost,0.6296732906702593,0.9158170696184096
leakfree,CatBoost,0.6396092960592792,0.918147392950772
leakfree,CatBoost,0.647019198383294,0.9213515875327701
leakfree,CatBoost,0.6517345907713035,0.9242644916982231
leakfree,CatBoost,0.6574604243853149,0.9274686862802214
leakfree,CatBoost,0.6643651060963287,0.9303815904456744
leakfree,CatBoost,0.6716066015493433,0.9324206233614915
leakfree,CatBoost,0.6793533176153587,0.9359161083600349
leakfree,CatBoost,0.6862579993263725,0.9394115933585785
leakfree,CatBoost,0.6950151566183901,0.9420332071074862
leakfree,CatBoost,0.7037723139104075,0.9449461112729391
leakfree,CatBoost,0.7167396429774335,0.9472764346053015
leakfree,CatBoost,0.727012462108454,0.950771919603845
leakfree,CatBoost,0.7372852812394746,0.9533935333527527
leakfree,CatBoost,0.7450319973054901,0.9568890183512962
leakfree,CatBoost,0.7559784439205119,0.9595106321002039
leakfree,CatBoost,0.7635567531155271,0.961549665016021
leakfree,CatBoost,0.772987537891546,0.9647538595980192
leakfree,CatBoost,0.7834287638935669,0.9670841829303816
leakfree,CatBoost,0.7926911417985854,0.9691232158461986
leakfree,CatBoost,0.803974402155608,0.9711622487620157
leakfree,CatBoost,0.8108790838666218,0.9746577337605593
leakfree,CatBoost,0.820983496126642,0.9766967666763764
leakfree,CatBoost,0.8324351633546648,0.979318380425284
leakfree,CatBoost,0.8450656786796902,0.9810661229245558
leakfree,CatBoost,0.856517345907713,0.9839790270900087
leakfree,CatBoost,0.8651060963287303,0.9863093504223711
leakfree,CatBoost,0.8802627147187605,0.9895135450043694
leakfree,CatBoost,0.8944088918827888,0.9918438683367318
leakfree,CatBoost,0.9065341865948131,0.9935916108360034
leakfree,CatBoost,0.9235432805658471,0.9953393533352752
leakfree,CatBoost,0.9494779386998989,0.9965045150014564
leakfree,CatBoost,0.9703603907039408,0.9979609670841829
leakfree,CatBoost,1.0,1.0
leakfree,RandomForest,0.0,0.0
leakfree,RandomForest,0.0010104412260020209,0.03728517331779784
leakfree,RandomForest,0.003368137420006736,0.06233614914069327
leakfree,RandomForest,0.005557426743011115,0.07515292746868628
leakfree,RandomForest,0.00791512293701583,0.08651325371395281
leakfree,RandomForest,0.010272819131020546,0.09758228954267405
leakfree,RandomForest,0.011788480970023578,0.11680745703466355
leakfree,RandomForest,0.01431458403502863,0.13399359161083602
leakfree,RandomForest,0.015998652745031997,0.146810369938829
leakfree,RandomForest,0.01835634893903671,0.1558403728517332
leakfree,RandomForest,0.020208824520040417,0.16312263326536558
leakfree,RandomForest,0.02273492758504547,0.17623070200990387
leakfree,RandomForest,0.025092623779050187,0.18584328575589862
leakfree,RandomForest,0.02761872684405524,0.19720361200116515
leakfree,RandomForest,0.02963960929605928,0.20506845324788814
leakfree,RandomForest,0.031828898619063656,0.2146810369938829
leakfree,RandomForest,0.033681374200067365,0.22400233032333236
leakfree,RandomForest,0.03603907039407208,0.23274104281969124
leakfree,RandomForest,0.03856517345907713,0.2408971744829595
leakfree,RandomForest,0.04176490400808353,0.25050975822895427
leakfree,RandomForest,0.04378578646008757,0.25953976114185845
leakfree,RandomForest,0.046311889525092624,0.27352170113603264
leakfree,RandomForest,0.049511620074099025,0.2813865423827556
leakfree,RandomForest,0.05254294375210509,0.29070783571220504
leakfree,RandomForest,0.05557426743011115,0.3000291290416545
leakfree,RandomForest,0.05776355675311553,0.306437518205651
leakfree,RandomForest,0.060626473560121255,0.3131371977861928
leakfree,RandomForest,0.064499831593129,0.3215846198660064
leakfree,RandomForest,0.0676995621421354,0.3279930090300029
leakfree,RandomForest,0.07039407207814079,0.33411010777745415
leakfree,RandomForest,0.07376220949814752,0.34372269152344886
leakfree,RandomForest,0.07645671943415291,0.35217011360326245
leakfree,RandomForest,0.08033007746716066,0.36003495484998543
leakfree,RandomForest,0.08302458740316605,0.36556947276434604
leakfree,RandomForest,0.08521387672617042,0.3748907660937955
leakfree,RandomForest,0.0887504210171775,0.3827556073405185
leakfree,RandomForest,0.09228696530818457,0.3897465773376056
leakfree,RandomForest,0.0946446615021893,0.3961549665016021
leakfree,RandomForest,0.09733917143819468,0.4028546460821439
leakfree,RandomForest,0.10003368137420007,0.41101077774541217
leakfree,RandomForest,0.10306500505220613,0.42004078065831635
leakfree,RandomForest,0.10626473560121252,0.42732304107194874
leakfree,RandomForest,0.1092960592792186,0.43402272065249053
leakfree,RandomForest,0.11283260357022566,0.43868336731721524
leakfree,RandomForest,0.11603233411923207,0.44567433731430234
leakfree,RandomForest,0.11788480970023577,0.45324788814448
leakfree,RandomForest,0.12142135399124285,0.4579085348092048
leakfree,RandomForest,0.12394745705624789,0.4646082143897466
leakfree,RandomForest,0.12697878073425395,0.4695601514710166
leakfree,RandomForest,0.13017851128326036,0.4756772502184678
leakfree,RandomForest,0.1348939036712698,0.47917273521701137
leakfree,RandomForest,0.1385988548332772,0.484707253131372
leakfree,RandomForest,0.1417985853822836,0.4902417710457326
leakfree,RandomForest,0.1458403502862917,0.49548499854354794
leakfree,RandomForest,0.14937689457729875,0.49985435479172735
leakfree,RandomForest,0.15426069383630853,0.5039324206233615
leakfree,RandomForest,0.15813405186931626,0.5083017768715409
leakfree,RandomForest,0.16167059616032334,0.512379842703175
leakfree,RandomForest,0.1647019198383294,0.5179143606175357
leakfree,RandomForest,0.16857527787133714,0.5228662976988057
leakfree,RandomForest,0.1716066015493432,0.5292746868628022
leakfree,RandomForest,0.17396429774334793,0.5374308185260704
leakfree,RandomForest,0.17783765577635569,0.5426740460238858
leakfree,RandomForest,0.18171101380936341,0.5490824351878824
leakfree,RandomForest,0.1852475581003705,0.553743081852607
leakfree,RandomForest,0.18996295048837994,0.5586950189338771
leakfree,RandomForest,0.19366790165038733,0.564520827264783
leakfree,RandomForest,0.19636241158639273,0.5726769589280513
leakfree,RandomForest,0.19956214213539913,0.577337605592776
leakfree,RandomForest,0.20259346581340518,0.5834547043402272
leakfree,RandomForest,0.2068036375884136,0.5875327701718613
leakfree,RandomForest,0.20983496126641968,0.5942324497524032
leakfree,RandomForest,0.2137083192994274,0.5994756772502184
leakfree,RandomForest,0.21690804984843381,0.6070492280803962
leakfree,RandomForest,0.21993937352643989,0.612875036411302
leakfree,RandomForest,0.22347591781744694,0.6178269734925721
leakfree,RandomForest,0.22852812394745706,0.6227789105738422
leakfree,RandomForest,0.23155944762546313,0.6277308476551121
leakfree,RandomForest,0.23526439878747052,0.6309350422371104
leakfree,RandomForest,0.23812731559447625,0.6367608505680163
leakfree,RandomForest,0.24132704614348266,0.6405476259831051
leakfree,RandomForest,0.24553721791849106,0.6454995630643752
leakfree,RandomForest,0.2521050858875042,0.649286338479464
leakfree,RandomForest,0.25833614011451667,0.6527818234780076
leakfree,RandomForest,0.26237790501852476,0.6568598893096417
leakfree,RandomForest,0.26675648366453353,0.6612292455578211
leakfree,RandomForest,0.2707982485685416,0.6676376347218177
leakfree,RandomForest,0.2741663859885483,0.672880862219633
leakfree,RandomForest,0.27787133715055573,0.6775415088843577
leakfree,RandomForest,0.28208150892556416,0.683658607631809
leakfree,RandomForest,0.2862916807005726,0.6874453830468977
leakfree,RandomForest,0.2911754799595824,0.6912321584619866
leakfree,RandomForest,0.29488043112158974,0.696475385959802
leakfree,RandomForest,0.29774334792859547,0.7025924847072531
leakfree,RandomForest,0.3024587403166049,0.7081270026216138
leakfree,RandomForest,0.3095318288986191,0.7139528109525196
leakfree,RandomForest,0.31306837318962616,0.7180308767841538
leakfree,RandomForest,0.31963624115863926,0.7232741042819691
leakfree,RandomForest,0.32452004041764904,0.7282260413632391
leakfree,RandomForest,0.32687773661165376,0.7328866880279639
leakfree,RandomForest,0.3307510946446615,0.736964753859598
leakfree,RandomForest,0.336476928258673,0.7413341101077775
leakfree,RandomForest,0.34018187942068034,0.7445383046897757
leakfree,RandomForest,0.3440552374536881,0.7491989513545004
leakfree,RandomForest,0.34978107106769957,0.7521118555199534
leakfree,RandomForest,0.35281239474570564,0.7570637926012235
leakfree,RandomForest,0.35735938026271474,0.7605592775997669
leakfree,RandomForest,0.36123273829572244,0.7660937955141276
leakfree,RandomForest,0.3661165375547322,0.7695892805126712
leakfree,RandomForest,0.3713371505557427,0.7736673463443052
leakfree,RandomForest,0.37672617042775347,0.7771628313428488
leakfree,RandomForest,0.37891545975075785,0.7821147684241189
leakfree,RandomForest,0.38464129336476927,0.786192834255753
leakfree,RandomForest,0.3896934994947794,0.7896883192542965
leakfree,RandomForest,0.3942404850117885,0.7931838042528401
leakfree,RandomForest,0.40417649040080833,0.7975531605010195
leakfree,RandomForest,0.4136072751768272,0.8022138071657442
leakfree,RandomForest,0.4208487706298417,0.8051267113311972
leakfree,RandomForest,0.42623779050185245,0.8094960675793766
leakfree,RandomForest,0.4331424722128663,0.8121176813282843
leakfree,RandomForest,0.43971034018187943,0.8161957471599184
leakfree,RandomForest,0.4461098012798922,0.8202738129915526
leakfree,RandomForest,0.4511620074099023,0.8255170404893679
leakfree,RandomForest,0.45991916470191985,0.8281386542382756
leakfree,RandomForest,0.46716066015493435,0.8310515584037285
leakfree,RandomForest,0.4730549006399461,0.834547043402272
leakfree,RandomForest,0.4786123273829572,0.8394989804835421
leakfree,RandomForest,0.48416975412596835,0.8435770463151763
leakfree,RandomForest,0.49073762209498145,0.8482376929799009
leakfree,RandomForest,0.4968002694509936,0.8508593067288086
leakfree,RandomForest,0.5013472549680027,0.8540635013108069
leakfree,RandomForest,0.5057258336140115,0.8566851150597146
leakfree,RandomForest,0.5112832603570225,0.8595980192251675
leakfree,RandomForest,0.5166722802290333,0.8642586658898922
leakfree,RandomForest,0.5255978443920512,0.8683367317215264
leakfree,RandomForest,0.5316604917480633,0.8718322167200699
leakfree,RandomForest,0.5380599528460761,0.8753277017186134
leakfree,RandomForest,0.5422701246210846,0.8776580250509758
leakfree,RandomForest,0.5461434826540923,0.8811535100495194
leakfree,RandomForest,0.5535533849781071,0.8852315758811535
leakfree,RandomForest,0.5606264735601213,0.8901835129624235
leakfree,RandomForest,0.5682047827551364,0.8933877075444218
leakfree,RandomForest,0.5764567194341529,0.8974657733760559
leakfree,RandomForest,0.5833614011451668,0.9003786775415089
leakfree,RandomForest,0.5902660828561805,0.9032915817069619
leakfree,RandomForest,0.59498147524419,0.9067870667055054
leakfree,RandomForest,0.6074435836982149,0.9114477133702301
leakfree,RandomForest,0.6151902997642303,0.9143606175356831
leakfree,RandomForest,0.6247894914112496,0.9175648121176814
leakfree,RandomForest,0.6296732906702593,0.9216428779493154
leakfree,RandomForest,0.6355675311552711,0.9239732012816778
leakfree,RandomForest,0.6476928258672954,0.9260122341974949
leakfree,RandomForest,0.6549343213203098,0.9295077191960385
leakfree,RandomForest,0.6648703267093298,0.9324206233614915
leakfree,RandomForest,0.676490400808353,0.9359161083600349
leakfree,RandomForest,0.6892893230043786,0.9385377221089426
leakfree,RandomForest,0.6975412596833951,0.9414506262743956
leakfree,RandomForest,0.7054563826204109,0.9440722400233033
leakfree,RandomForest,0.7116874368474234,0.9466938537722109
leakfree,RandomForest,0.7194341529134388,0.9498980483542091
leakfree,RandomForest,0.7324014819804648,0.9531022429362074
leakfree,RandomForest,0.7411586392724823,0.956597727934751
leakfree,RandomForest,0.7534523408555069,0.9595106321002039
leakfree,RandomForest,0.7635567531155271,0.961549665016021
leakfree,RandomForest,0.7719770966655439,0.963588697931838
leakfree,RandomForest,0.7817446951835635,0.966501602097291
leakfree,RandomForest,0.8017851128326036,0.9697057966792892
leakfree,RandomForest,0.8103738632536207,0.9717448295951063
leakfree,RandomForest,0.8204782755136409,0.9746577337605593
leakfree,RandomForest,0.8277197709666554,0.977279347509467
leakfree,RandomForest,0.836982148871674,0.9796096708418293
leakfree,RandomForest,0.8470865611316942,0.9825225750072822
leakfree,RandomForest,0.8607275176827215,0.984270317506554
leakfree,RandomForest,0.8736948467497474,0.9863093504223711
leakfree,RandomForest,0.8896934994947794,0.9886396737547335
leakfree,RandomForest,0.9031660491748064,0.9915525779201865
leakfree,RandomForest,0.9232064668238464,0.994174191669094
leakfree,RandomForest,0.9430784776018861,0.9962132245849111
leakfree,RandomForest,0.9642977433479286,0.9988348383338188
leakfree,RandomForest,1.0,1.0
